sample_id,day,phase,subcluster,n_cells,n_subset_cells_animal,pct_of_subset
EEM-scRNA-158,0,baseline,0,0,511,0.0
EEM-scRNA-158,0,baseline,1,12,511,2.348
EEM-scRNA-158,0,baseline,10,20,511,3.914
EEM-scRNA-158,0,baseline,11,18,511,3.523
EEM-scRNA-158,0,baseline,12,6,511,1.174
EEM-scRNA-158,0,baseline,13,12,511,2.348
EEM-scRNA-158,0,baseline,14,10,511,1.957
EEM-scRNA-158,0,baseline,15,4,511,0.783
EEM-scRNA-158,0,baseline,2,111,511,21.722
EEM-scRNA-158,0,baseline,3,41,511,8.023
EEM-scRNA-158,0,baseline,4,71,511,13.894
EEM-scRNA-158,0,baseline,5,77,511,15.068
EEM-scRNA-158,0,baseline,6,51,511,9.98
EEM-scRNA-158,0,baseline,7,47,511,9.198
EEM-scRNA-158,0,baseline,8,11,511,2.153
EEM-scRNA-158,0,baseline,9,20,511,3.914
EEM-scRNA-166,0,baseline,0,0,573,0.0
EEM-scRNA-166,0,baseline,1,1,573,0.175
EEM-scRNA-166,0,baseline,10,8,573,1.396
EEM-scRNA-166,0,baseline,11,2,573,0.349
EEM-scRNA-166,0,baseline,12,10,573,1.745
EEM-scRNA-166,0,baseline,13,13,573,2.269
EEM-scRNA-166,0,baseline,14,9,573,1.571
EEM-scRNA-166,0,baseline,15,5,573,0.873
EEM-scRNA-166,0,baseline,2,37,573,6.457
EEM-scRNA-166,0,baseline,3,79,573,13.787
EEM-scRNA-166,0,baseline,4,48,573,8.377
EEM-scRNA-166,0,baseline,5,70,573,12.216
EEM-scRNA-166,0,baseline,6,238,573,41.536
EEM-scRNA-166,0,baseline,7,20,573,3.49
EEM-scRNA-166,0,baseline,8,12,573,2.094
EEM-scRNA-166,0,baseline,9,21,573,3.665
EEM-scRNA-113,6,active repair,0,94,186,50.538
EEM-scRNA-113,6,active repair,1,9,186,4.839
EEM-scRNA-113,6,active repair,10,2,186,1.075
EEM-scRNA-113,6,active repair,11,1,186,0.538
EEM-scRNA-113,6,active repair,12,1,186,0.538
EEM-scRNA-113,6,active repair,13,0,186,0.0
EEM-scRNA-113,6,active repair,14,0,186,0.0
EEM-scRNA-113,6,active repair,15,0,186,0.0
EEM-scRNA-113,6,active repair,2,8,186,4.301
EEM-scRNA-113,6,active repair,3,3,186,1.613
EEM-scRNA-113,6,active repair,4,44,186,23.656
EEM-scRNA-113,6,active repair,5,9,186,4.839
EEM-scRNA-113,6,active repair,6,5,186,2.688
EEM-scRNA-113,6,active repair,7,5,186,2.688
EEM-scRNA-113,6,active repair,8,1,186,0.538
EEM-scRNA-113,6,active repair,9,4,186,2.151
EEM-scRNA-162,6,active repair,0,369,589,62.649
EEM-scRNA-162,6,active repair,1,34,589,5.772
EEM-scRNA-162,6,active repair,10,1,589,0.17
EEM-scRNA-162,6,active repair,11,5,589,0.849
EEM-scRNA-162,6,active repair,12,0,589,0.0
EEM-scRNA-162,6,active repair,13,5,589,0.849
EEM-scRNA-162,6,active repair,14,11,589,1.868
EEM-scRNA-162,6,active repair,15,0,589,0.0
EEM-scRNA-162,6,active repair,2,9,589,1.528
EEM-scRNA-162,6,active repair,3,3,589,0.509
EEM-scRNA-162,6,active repair,4,55,589,9.338
EEM-scRNA-162,6,active repair,5,25,589,4.244
EEM-scRNA-162,6,active repair,6,5,589,0.849
EEM-scRNA-162,6,active repair,7,54,589,9.168
EEM-scRNA-162,6,active repair,8,0,589,0.0
EEM-scRNA-162,6,active repair,9,13,589,2.207
EEM-scRNA-116,11,active repair,0,20,253,7.905
EEM-scRNA-116,11,active repair,1,77,253,30.435
EEM-scRNA-116,11,active repair,10,6,253,2.372
EEM-scRNA-116,11,active repair,11,2,253,0.791
EEM-scRNA-116,11,active repair,12,1,253,0.395
EEM-scRNA-116,11,active repair,13,4,253,1.581
EEM-scRNA-116,11,active repair,14,2,253,0.791
EEM-scRNA-116,11,active repair,15,1,253,0.395
EEM-scRNA-116,11,active repair,2,9,253,3.557
EEM-scRNA-116,11,active repair,3,0,253,0.0
EEM-scRNA-116,11,active repair,4,75,253,29.644
EEM-scRNA-116,11,active repair,5,6,253,2.372
EEM-scRNA-116,11,active repair,6,35,253,13.834
EEM-scRNA-116,11,active repair,7,10,253,3.953
EEM-scRNA-116,11,active repair,8,1,253,0.395
EEM-scRNA-116,11,active repair,9,4,253,1.581
EEM-scRNA-167,11,active repair,0,9,672,1.339
EEM-scRNA-167,11,active repair,1,275,672,40.923
EEM-scRNA-167,11,active repair,10,40,672,5.952
EEM-scRNA-167,11,active repair,11,8,672,1.19
EEM-scRNA-167,11,active repair,12,7,672,1.042
EEM-scRNA-167,11,active repair,13,7,672,1.042
EEM-scRNA-167,11,active repair,14,7,672,1.042
EEM-scRNA-167,11,active repair,15,3,672,0.446
EEM-scRNA-167,11,active repair,2,68,672,10.119
EEM-scRNA-167,11,active repair,3,10,672,1.488
EEM-scRNA-167,11,active repair,4,61,672,9.077
EEM-scRNA-167,11,active repair,5,27,672,4.018
EEM-scRNA-167,11,active repair,6,63,672,9.375
EEM-scRNA-167,11,active repair,7,40,672,5.952
EEM-scRNA-167,11,active repair,8,7,672,1.042
EEM-scRNA-167,11,active repair,9,40,672,5.952
EEM-scRNA-117,19,active repair,0,0,288,0.0
EEM-scRNA-117,19,active repair,1,53,288,18.403
EEM-scRNA-117,19,active repair,10,21,288,7.292
EEM-scRNA-117,19,active repair,11,8,288,2.778
EEM-scRNA-117,19,active repair,12,7,288,2.431
EEM-scRNA-117,19,active repair,13,4,288,1.389
EEM-scRNA-117,19,active repair,14,2,288,0.694
EEM-scRNA-117,19,active repair,15,4,288,1.389
EEM-scRNA-117,19,active repair,2,57,288,19.792
EEM-scRNA-117,19,active repair,3,60,288,20.833
EEM-scRNA-117,19,active repair,4,20,288,6.944
EEM-scRNA-117,19,active repair,5,11,288,3.819
EEM-scRNA-117,19,active repair,6,17,288,5.903
EEM-scRNA-117,19,active repair,7,13,288,4.514
EEM-scRNA-117,19,active repair,8,5,288,1.736
EEM-scRNA-117,19,active repair,9,6,288,2.083
EEM-scRNA-170,19,active repair,0,1,656,0.152
EEM-scRNA-170,19,active repair,1,96,656,14.634
EEM-scRNA-170,19,active repair,10,25,656,3.811
EEM-scRNA-170,19,active repair,11,18,656,2.744
EEM-scRNA-170,19,active repair,12,20,656,3.049
EEM-scRNA-170,19,active repair,13,8,656,1.22
EEM-scRNA-170,19,active repair,14,2,656,0.305
EEM-scRNA-170,19,active repair,15,16,656,2.439
EEM-scRNA-170,19,active repair,2,45,656,6.86
EEM-scRNA-170,19,active repair,3,133,656,20.274
EEM-scRNA-170,19,active repair,4,66,656,10.061
EEM-scRNA-170,19,active repair,5,87,656,13.262
EEM-scRNA-170,19,active repair,6,78,656,11.89
EEM-scRNA-170,19,active repair,7,27,656,4.116
EEM-scRNA-170,19,active repair,8,12,656,1.829
EEM-scRNA-170,19,active repair,9,22,656,3.354
EEM-scRNA-118,25,active repair,0,0,209,0.0
EEM-scRNA-118,25,active repair,1,25,209,11.962
EEM-scRNA-118,25,active repair,10,28,209,13.397
EEM-scRNA-118,25,active repair,11,8,209,3.828
EEM-scRNA-118,25,active repair,12,2,209,0.957
EEM-scRNA-118,25,active repair,13,6,209,2.871
EEM-scRNA-118,25,active repair,14,3,209,1.435
EEM-scRNA-118,25,active repair,15,0,209,0.0
EEM-scRNA-118,25,active repair,2,16,209,7.656
EEM-scRNA-118,25,active repair,3,17,209,8.134
EEM-scRNA-118,25,active repair,4,26,209,12.44
EEM-scRNA-118,25,active repair,5,21,209,10.048
EEM-scRNA-118,25,active repair,6,32,209,15.311
EEM-scRNA-118,25,active repair,7,12,209,5.742
EEM-scRNA-118,25,active repair,8,4,209,1.914
EEM-scRNA-118,25,active repair,9,9,209,4.306
EEM-scRNA-172,25,active repair,0,0,437,0.0
EEM-scRNA-172,25,active repair,1,23,437,5.263
EEM-scRNA-172,25,active repair,10,23,437,5.263
EEM-scRNA-172,25,active repair,11,11,437,2.517
EEM-scRNA-172,25,active repair,12,5,437,1.144
EEM-scRNA-172,25,active repair,13,12,437,2.746
EEM-scRNA-172,25,active repair,14,1,437,0.229
EEM-scRNA-172,25,active repair,15,1,437,0.229
EEM-scRNA-172,25,active repair,2,102,437,23.341
EEM-scRNA-172,25,active repair,3,51,437,11.67
EEM-scRNA-172,25,active repair,4,47,437,10.755
EEM-scRNA-172,25,active repair,5,51,437,11.67
EEM-scRNA-172,25,active repair,6,47,437,10.755
EEM-scRNA-172,25,active repair,7,29,437,6.636
EEM-scRNA-172,25,active repair,8,11,437,2.517
EEM-scRNA-172,25,active repair,9,23,437,5.263
EEM-scRNA-124,42,injury resolution,0,0,144,0.0
EEM-scRNA-124,42,injury resolution,1,18,144,12.5
EEM-scRNA-124,42,injury resolution,10,21,144,14.583
EEM-scRNA-124,42,injury resolution,11,3,144,2.083
EEM-scRNA-124,42,injury resolution,12,1,144,0.694
EEM-scRNA-124,42,injury resolution,13,1,144,0.694
EEM-scRNA-124,42,injury resolution,14,1,144,0.694
EEM-scRNA-124,42,injury resolution,15,2,144,1.389
EEM-scRNA-124,42,injury resolution,2,36,144,25.0
EEM-scRNA-124,42,injury resolution,3,2,144,1.389
EEM-scRNA-124,42,injury resolution,4,25,144,17.361
EEM-scRNA-124,42,injury resolution,5,14,144,9.722
EEM-scRNA-124,42,injury resolution,6,5,144,3.472
EEM-scRNA-124,42,injury resolution,7,11,144,7.639
EEM-scRNA-124,42,injury resolution,8,0,144,0.0
EEM-scRNA-124,42,injury resolution,9,4,144,2.778
EEM-scRNA-125,42,injury resolution,0,0,217,0.0
EEM-scRNA-125,42,injury resolution,1,1,217,0.461
EEM-scRNA-125,42,injury resolution,10,24,217,11.06
EEM-scRNA-125,42,injury resolution,11,17,217,7.834
EEM-scRNA-125,42,injury resolution,12,5,217,2.304
EEM-scRNA-125,42,injury resolution,13,4,217,1.843
EEM-scRNA-125,42,injury resolution,14,1,217,0.461
EEM-scRNA-125,42,injury resolution,15,2,217,0.922
EEM-scRNA-125,42,injury resolution,2,65,217,29.954
EEM-scRNA-125,42,injury resolution,3,6,217,2.765
EEM-scRNA-125,42,injury resolution,4,54,217,24.885
EEM-scRNA-125,42,injury resolution,5,10,217,4.608
EEM-scRNA-125,42,injury resolution,6,8,217,3.687
EEM-scRNA-125,42,injury resolution,7,8,217,3.687
EEM-scRNA-125,42,injury resolution,8,6,217,2.765
EEM-scRNA-125,42,injury resolution,9,6,217,2.765
EEM-scRNA-126,42,injury resolution,0,0,263,0.0
EEM-scRNA-126,42,injury resolution,1,5,263,1.901
EEM-scRNA-126,42,injury resolution,10,23,263,8.745
EEM-scRNA-126,42,injury resolution,11,3,263,1.141
EEM-scRNA-126,42,injury resolution,12,9,263,3.422
EEM-scRNA-126,42,injury resolution,13,3,263,1.141
EEM-scRNA-126,42,injury resolution,14,0,263,0.0
EEM-scRNA-126,42,injury resolution,15,3,263,1.141
EEM-scRNA-126,42,injury resolution,2,69,263,26.236
EEM-scRNA-126,42,injury resolution,3,18,263,6.844
EEM-scRNA-126,42,injury resolution,4,63,263,23.954
EEM-scRNA-126,42,injury resolution,5,20,263,7.605
EEM-scRNA-126,42,injury resolution,6,25,263,9.506
EEM-scRNA-126,42,injury resolution,7,10,263,3.802
EEM-scRNA-126,42,injury resolution,8,8,263,3.042
EEM-scRNA-126,42,injury resolution,9,4,263,1.521
EEM-scRNA-127,42,injury resolution,0,0,215,0.0
EEM-scRNA-127,42,injury resolution,1,1,215,0.465
EEM-scRNA-127,42,injury resolution,10,13,215,6.047
EEM-scRNA-127,42,injury resolution,11,15,215,6.977
EEM-scRNA-127,42,injury resolution,12,3,215,1.395
EEM-scRNA-127,42,injury resolution,13,5,215,2.326
EEM-scRNA-127,42,injury resolution,14,4,215,1.86
EEM-scRNA-127,42,injury resolution,15,3,215,1.395
EEM-scRNA-127,42,injury resolution,2,79,215,36.744
EEM-scRNA-127,42,injury resolution,3,10,215,4.651
EEM-scRNA-127,42,injury resolution,4,38,215,17.674
EEM-scRNA-127,42,injury resolution,5,18,215,8.372
EEM-scRNA-127,42,injury resolution,6,6,215,2.791
EEM-scRNA-127,42,injury resolution,7,12,215,5.581
EEM-scRNA-127,42,injury resolution,8,4,215,1.86
EEM-scRNA-127,42,injury resolution,9,4,215,1.86
EEM-scRNA-179,42,injury resolution,0,0,725,0.0
EEM-scRNA-179,42,injury resolution,1,18,725,2.483
EEM-scRNA-179,42,injury resolution,10,63,725,8.69
EEM-scRNA-179,42,injury resolution,11,21,725,2.897
EEM-scRNA-179,42,injury resolution,12,4,725,0.552
EEM-scRNA-179,42,injury resolution,13,9,725,1.241
EEM-scRNA-179,42,injury resolution,14,1,725,0.138
EEM-scRNA-179,42,injury resolution,15,2,725,0.276
EEM-scRNA-179,42,injury resolution,2,253,725,34.897
EEM-scRNA-179,42,injury resolution,3,86,725,11.862
EEM-scRNA-179,42,injury resolution,4,54,725,7.448
EEM-scRNA-179,42,injury resolution,5,40,725,5.517
EEM-scRNA-179,42,injury resolution,6,80,725,11.034
EEM-scRNA-179,42,injury resolution,7,41,725,5.655
EEM-scRNA-179,42,injury resolution,8,22,725,3.034
EEM-scRNA-179,42,injury resolution,9,31,725,4.276
EEM-scRNA-180,42,injury resolution,0,0,685,0.0
EEM-scRNA-180,42,injury resolution,1,13,685,1.898
EEM-scRNA-180,42,injury resolution,10,76,685,11.095
EEM-scRNA-180,42,injury resolution,11,23,685,3.358
EEM-scRNA-180,42,injury resolution,12,4,685,0.584
EEM-scRNA-180,42,injury resolution,13,19,685,2.774
EEM-scRNA-180,42,injury resolution,14,8,685,1.168
EEM-scRNA-180,42,injury resolution,15,1,685,0.146
EEM-scRNA-180,42,injury resolution,2,162,685,23.65
EEM-scRNA-180,42,injury resolution,3,204,685,29.781
EEM-scRNA-180,42,injury resolution,4,45,685,6.569
EEM-scRNA-180,42,injury resolution,5,31,685,4.526
EEM-scRNA-180,42,injury resolution,6,50,685,7.299
EEM-scRNA-180,42,injury resolution,7,20,685,2.92
EEM-scRNA-180,42,injury resolution,8,12,685,1.752
EEM-scRNA-180,42,injury resolution,9,17,685,2.482
EEM-scRNA-181,42,injury resolution,0,1,516,0.194
EEM-scRNA-181,42,injury resolution,1,3,516,0.581
EEM-scRNA-181,42,injury resolution,10,58,516,11.24
EEM-scRNA-181,42,injury resolution,11,20,516,3.876
EEM-scRNA-181,42,injury resolution,12,16,516,3.101
EEM-scRNA-181,42,injury resolution,13,12,516,2.326
EEM-scRNA-181,42,injury resolution,14,4,516,0.775
EEM-scRNA-181,42,injury resolution,15,5,516,0.969
EEM-scRNA-181,42,injury resolution,2,103,516,19.961
EEM-scRNA-181,42,injury resolution,3,146,516,28.295
EEM-scRNA-181,42,injury resolution,4,21,516,4.07
EEM-scRNA-181,42,injury resolution,5,48,516,9.302
EEM-scRNA-181,42,injury resolution,6,29,516,5.62
EEM-scRNA-181,42,injury resolution,7,23,516,4.457
EEM-scRNA-181,42,injury resolution,8,5,516,0.969
EEM-scRNA-181,42,injury resolution,9,22,516,4.264
EEM-scRNA-182,42,injury resolution,0,0,664,0.0
EEM-scRNA-182,42,injury resolution,1,7,664,1.054
EEM-scRNA-182,42,injury resolution,10,65,664,9.789
EEM-scRNA-182,42,injury resolution,11,24,664,3.614
EEM-scRNA-182,42,injury resolution,12,15,664,2.259
EEM-scRNA-182,42,injury resolution,13,20,664,3.012
EEM-scRNA-182,42,injury resolution,14,2,664,0.301
EEM-scRNA-182,42,injury resolution,15,1,664,0.151
EEM-scRNA-182,42,injury resolution,2,235,664,35.392
EEM-scRNA-182,42,injury resolution,3,95,664,14.307
EEM-scRNA-182,42,injury resolution,4,66,664,9.94
EEM-scRNA-182,42,injury resolution,5,27,664,4.066
EEM-scRNA-182,42,injury resolution,6,41,664,6.175
EEM-scRNA-182,42,injury resolution,7,11,664,1.657
EEM-scRNA-182,42,injury resolution,8,25,664,3.765
EEM-scRNA-182,42,injury resolution,9,30,664,4.518
EEM-scRNA-236,90,injury resolution,0,0,218,0.0
EEM-scRNA-236,90,injury resolution,1,25,218,11.468
EEM-scRNA-236,90,injury resolution,10,34,218,15.596
EEM-scRNA-236,90,injury resolution,11,16,218,7.339
EEM-scRNA-236,90,injury resolution,12,5,218,2.294
EEM-scRNA-236,90,injury resolution,13,2,218,0.917
EEM-scRNA-236,90,injury resolution,14,2,218,0.917
EEM-scRNA-236,90,injury resolution,15,0,218,0.0
EEM-scRNA-236,90,injury resolution,2,34,218,15.596
EEM-scRNA-236,90,injury resolution,3,11,218,5.046
EEM-scRNA-236,90,injury resolution,4,10,218,4.587
EEM-scRNA-236,90,injury resolution,5,16,218,7.339
EEM-scRNA-236,90,injury resolution,6,18,218,8.257
EEM-scRNA-236,90,injury resolution,7,29,218,13.303
EEM-scRNA-236,90,injury resolution,8,3,218,1.376
EEM-scRNA-236,90,injury resolution,9,13,218,5.963
EEM-scRNA-237,90,injury resolution,0,0,422,0.0
EEM-scRNA-237,90,injury resolution,1,2,422,0.474
EEM-scRNA-237,90,injury resolution,10,57,422,13.507
EEM-scRNA-237,90,injury resolution,11,17,422,4.028
EEM-scRNA-237,90,injury resolution,12,20,422,4.739
EEM-scRNA-237,90,injury resolution,13,11,422,2.607
EEM-scRNA-237,90,injury resolution,14,4,422,0.948
EEM-scRNA-237,90,injury resolution,15,6,422,1.422
EEM-scRNA-237,90,injury resolution,2,135,422,31.991
EEM-scRNA-237,90,injury resolution,3,21,422,4.976
EEM-scRNA-237,90,injury resolution,4,27,422,6.398
EEM-scRNA-237,90,injury resolution,5,18,422,4.265
EEM-scRNA-237,90,injury resolution,6,45,422,10.664
EEM-scRNA-237,90,injury resolution,7,31,422,7.346
EEM-scRNA-237,90,injury resolution,8,9,422,2.133
EEM-scRNA-237,90,injury resolution,9,19,422,4.502
EEM-scRNA-238,90,injury resolution,0,0,279,0.0
EEM-scRNA-238,90,injury resolution,1,0,279,0.0
EEM-scRNA-238,90,injury resolution,10,40,279,14.337
EEM-scRNA-238,90,injury resolution,11,18,279,6.452
EEM-scRNA-238,90,injury resolution,12,1,279,0.358
EEM-scRNA-238,90,injury resolution,13,6,279,2.151
EEM-scRNA-238,90,injury resolution,14,0,279,0.0
EEM-scRNA-238,90,injury resolution,15,2,279,0.717
EEM-scRNA-238,90,injury resolution,2,102,279,36.559
EEM-scRNA-238,90,injury resolution,3,17,279,6.093
EEM-scRNA-238,90,injury resolution,4,30,279,10.753
EEM-scRNA-238,90,injury resolution,5,9,279,3.226
EEM-scRNA-238,90,injury resolution,6,35,279,12.545
EEM-scRNA-238,90,injury resolution,7,11,279,3.943
EEM-scRNA-238,90,injury resolution,8,2,279,0.717
EEM-scRNA-238,90,injury resolution,9,6,279,2.151
EEM-scRNA-239,90,injury resolution,0,0,571,0.0
EEM-scRNA-239,90,injury resolution,1,13,571,2.277
EEM-scRNA-239,90,injury resolution,10,48,571,8.406
EEM-scRNA-239,90,injury resolution,11,28,571,4.904
EEM-scRNA-239,90,injury resolution,12,16,571,2.802
EEM-scRNA-239,90,injury resolution,13,20,571,3.503
EEM-scRNA-239,90,injury resolution,14,2,571,0.35
EEM-scRNA-239,90,injury resolution,15,10,571,1.751
EEM-scRNA-239,90,injury resolution,2,171,571,29.947
EEM-scRNA-239,90,injury resolution,3,43,571,7.531
EEM-scRNA-239,90,injury resolution,4,75,571,13.135
EEM-scRNA-239,90,injury resolution,5,26,571,4.553
EEM-scRNA-239,90,injury resolution,6,41,571,7.18
EEM-scRNA-239,90,injury resolution,7,34,571,5.954
EEM-scRNA-239,90,injury resolution,8,10,571,1.751
EEM-scRNA-239,90,injury resolution,9,34,571,5.954
EEM-scRNA-310,366,long-term homeostasis,0,0,240,0.0
EEM-scRNA-310,366,long-term homeostasis,1,2,240,0.833
EEM-scRNA-310,366,long-term homeostasis,10,22,240,9.167
EEM-scRNA-310,366,long-term homeostasis,11,14,240,5.833
EEM-scRNA-310,366,long-term homeostasis,12,2,240,0.833
EEM-scRNA-310,366,long-term homeostasis,13,8,240,3.333
EEM-scRNA-310,366,long-term homeostasis,14,1,240,0.417
EEM-scRNA-310,366,long-term homeostasis,15,1,240,0.417
EEM-scRNA-310,366,long-term homeostasis,2,20,240,8.333
EEM-scRNA-310,366,long-term homeostasis,3,103,240,42.917
EEM-scRNA-310,366,long-term homeostasis,4,21,240,8.75
EEM-scRNA-310,366,long-term homeostasis,5,15,240,6.25
EEM-scRNA-310,366,long-term homeostasis,6,6,240,2.5
EEM-scRNA-310,366,long-term homeostasis,7,20,240,8.333
EEM-scRNA-310,366,long-term homeostasis,8,2,240,0.833
EEM-scRNA-310,366,long-term homeostasis,9,3,240,1.25
EEM-scRNA-311,366,long-term homeostasis,0,0,235,0.0
EEM-scRNA-311,366,long-term homeostasis,1,1,235,0.426
EEM-scRNA-311,366,long-term homeostasis,10,16,235,6.809
EEM-scRNA-311,366,long-term homeostasis,11,11,235,4.681
EEM-scRNA-311,366,long-term homeostasis,12,4,235,1.702
EEM-scRNA-311,366,long-term homeostasis,13,11,235,4.681
EEM-scRNA-311,366,long-term homeostasis,14,1,235,0.426
EEM-scRNA-311,366,long-term homeostasis,15,3,235,1.277
EEM-scRNA-311,366,long-term homeostasis,2,14,235,5.957
EEM-scRNA-311,366,long-term homeostasis,3,81,235,34.468
EEM-scRNA-311,366,long-term homeostasis,4,27,235,11.489
EEM-scRNA-311,366,long-term homeostasis,5,21,235,8.936
EEM-scRNA-311,366,long-term homeostasis,6,15,235,6.383
EEM-scRNA-311,366,long-term homeostasis,7,18,235,7.66
EEM-scRNA-311,366,long-term homeostasis,8,6,235,2.553
EEM-scRNA-311,366,long-term homeostasis,9,6,235,2.553
EEM-scRNA-312,366,long-term homeostasis,0,0,229,0.0
EEM-scRNA-312,366,long-term homeostasis,1,2,229,0.873
EEM-scRNA-312,366,long-term homeostasis,10,13,229,5.677
EEM-scRNA-312,366,long-term homeostasis,11,8,229,3.493
EEM-scRNA-312,366,long-term homeostasis,12,4,229,1.747
EEM-scRNA-312,366,long-term homeostasis,13,6,229,2.62
EEM-scRNA-312,366,long-term homeostasis,14,4,229,1.747
EEM-scRNA-312,366,long-term homeostasis,15,2,229,0.873
EEM-scRNA-312,366,long-term homeostasis,2,4,229,1.747
EEM-scRNA-312,366,long-term homeostasis,3,108,229,47.162
EEM-scRNA-312,366,long-term homeostasis,4,16,229,6.987
EEM-scRNA-312,366,long-term homeostasis,5,23,229,10.044
EEM-scRNA-312,366,long-term homeostasis,6,19,229,8.297
EEM-scRNA-312,366,long-term homeostasis,7,9,229,3.93
EEM-scRNA-312,366,long-term homeostasis,8,7,229,3.057
EEM-scRNA-312,366,long-term homeostasis,9,4,229,1.747
