,ABCA3,ACTA2,AGER,ALAS2,APLNR,AQP5,ASCL1,C1QA,CA4,CALCA,CAPS,CAV1,CCL21,CCNB1,CD1C,CD37,CD3D,CD3E,CD3G,CD4,CD68,CD74,CD79A,CD79B,CD8A,CD8B,CDH1,CDH5,CDKN1A,CHGA,CLDN4,CLDN5,COL1A1,COL1A2,COL3A1,CSF1R,CTHRC1,CTLA4,DAPL1,DCN,DNAH5,EDNRB,EMCN,EPCAM,FABP4,FCGR3B,FLT3,FOXJ1,FOXP3,GNLY,GPIHBP1,HBA1,HBB,HLA-DRA,HOPX,IKZF2,IL2RA,ITGA2B,ITGAM,ITGAX,JCHAIN,KDR,KLRD1,KRT14,KRT17,KRT18,KRT19,KRT5,KRT7,KRT8,LAMP3,LYZ,MARCO,MCEMP1,MGP,MKI67,MMRN1,MS4A1,MSLN,MYH11,MZB1,NAPSA,NKG7,NOTCH3,PDGFRA,PDGFRB,PDPN,PECAM1,PF4,POSTN,PPARG,PPBP,PROX1,PTPRC,RTKN2,S100A8,S100A9,SCGB1A1,SCGB3A1,SCGB3A2,SFN,SFTPB,SFTPC,SLC34A2,TAGLN,TNC,TOP2A,TP63,TPPP3,TRBC2,UPK3B,XBP1
0,1.9555752277374268,0.04730978608131409,0.26671111583709717,0.0008265983196906745,0.002046566689386964,0.026116201654076576,0.0,0.02134655974805355,0.004576214589178562,0.0,0.13482941687107086,0.5253322124481201,0.017925847321748734,0.03282700106501579,0.0014970970805734396,0.01687578856945038,0.008653657510876656,0.007211580406874418,0.005457235965877771,0.011527576483786106,0.036613885313272476,2.491655111312866,0.0075874170288443565,0.004217446781694889,0.004446354229003191,0.0006424420280382037,0.5278491973876953,0.014469785615801811,0.2515425384044647,0.0,1.1183768510818481,0.04234619438648224,0.08432292193174362,0.022271601483225822,0.01158764585852623,0.0028930632397532463,0.0,0.0030941572040319443,0.013122201897203922,0.08543340861797333,0.23863540589809418,0.29989364743232727,0.015519467182457447,1.1737834215164185,0.017842287197709084,0.0,0.001586251426488161,0.028905043378472328,0.0,0.016134023666381836,0.003296526614576578,0.05576503276824951,0.13017483055591583,2.087265729904175,2.7730495929718018,0.07474330812692642,0.0,0.006290393881499767,0.0,0.0015333355404436588,0.05299688130617142,0.009204446338117123,0.004703165963292122,0.0,0.037494104355573654,1.9237972497940063,1.621126651763916,0.005885024555027485,1.7089207172393799,1.5244077444076538,1.9169032573699951,0.04561907798051834,0.0009840006241574883,0.017041338607668877,0.27332109212875366,0.027052322402596474,0.0,0.005834951065480709,0.1716487556695938,0.01774817332625389,0.0006280691595748067,3.7659149169921875,0.0013655797811225057,0.00907303486019373,0.002951349364593625,0.0037825540639460087,0.014228093437850475,0.08579176664352417,0.0014810716966167092,0.009723644703626633,0.008569899946451187,0.0040276916697621346,0.004072280600667,0.021415814757347107,0.02443167380988598,0.06285708397626877,1.3388137817382812,0.9247652888298035,2.8660120964050293,0.7093729972839355,0.5830060243606567,5.060128688812256,6.746245384216309,2.8557560443878174,0.13590823113918304,0.15328910946846008,0.04598018154501915,0.0006551475380547345,0.39099425077438354,0.0018324219854548573,0.005276454612612724,1.3249726295471191
1,0.01617276854813099,0.06896058470010757,0.05076282098889351,0.006161888130009174,0.0025036002043634653,1.6135848760604858,0.0,0.0337177999317646,0.010019820183515549,0.0,0.5167525410652161,0.24685627222061157,0.036396559327840805,0.04599675163626671,0.0,0.013652726076543331,0.006269246339797974,0.001394846709445119,0.0026284430641680956,0.003316471353173256,0.030216814950108528,1.116944432258606,0.0021750431042164564,0.0003952876722905785,0.0027188898529857397,0.0008069478790275753,0.1866595596075058,0.012766274623572826,0.5253369808197021,0.0,1.14678156375885,0.13622339069843292,0.07313966751098633,0.05127826705574989,0.023930169641971588,0.0012711802264675498,0.0019015345023944974,0.0,0.21600601077079773,0.9900761246681213,0.09753711521625519,0.0190107598900795,0.011262157931923866,0.8301392793655396,0.03390175849199295,0.0005029103485867381,0.0,0.03779871389269829,0.0006928142975084484,0.007198129314929247,0.0,0.26879051327705383,0.6645120978355408,0.5794703960418701,0.3555411994457245,0.09320151805877686,0.0,0.000586425478104502,0.0006072251708246768,0.002467275829985738,0.11495531350374222,0.006141392048448324,0.0027411803603172302,0.021300338208675385,3.5436296463012695,2.3528335094451904,3.3188130855560303,2.994633436203003,0.8963697552680969,1.7846964597702026,0.07928900420665741,0.05790981277823448,0.004505783785134554,0.0034579939674586058,0.16878613829612732,0.0119230467826128,0.007658361457288265,0.0,0.006505019497126341,0.03869418427348137,0.014038422144949436,0.05390431731939316,0.007543614134192467,0.055050719529390335,0.002862613182514906,0.005907637067139149,0.3805070221424103,0.04695071652531624,0.006704400293529034,0.09269186854362488,0.04367955029010773,0.007917467504739761,0.0,0.008543022908270359,0.01258709467947483,0.21746952831745148,0.5002783536911011,1.293682336807251,0.8923656344413757,0.5910634398460388,1.756351113319397,0.7146084904670715,0.2507540285587311,0.22849763929843903,0.11282181739807129,0.2314278930425644,0.027790503576397896,0.6031425595283508,0.05758403614163399,0.0,0.017841992899775505,0.6696192622184753
2,0.08841577172279358,0.08706273138523102,0.1865389347076416,0.006162204779684544,0.002828734926879406,0.2296564131975174,0.0,0.6389504075050354,0.06320833414793015,0.0,1.666314721107483,0.9599789381027222,0.0,0.03478521481156349,0.004489270970225334,0.25242969393730164,0.01281933393329382,0.01414423156529665,0.019893057644367218,0.1818085014820099,0.34788548946380615,1.8539549112319946,0.03522161394357681,0.017029929906129837,0.020370664075016975,0.002109475200995803,0.6491602659225464,0.04760497435927391,0.90427565574646,0.0,1.6299182176589966,0.14715637266635895,0.04191598296165466,0.025096144527196884,0.027848251163959503,0.14216099679470062,0.016144856810569763,0.0,0.05527302622795105,0.05882362648844719,0.6440389156341553,0.055912084877491,0.06421667337417603,0.9812645316123962,0.43017271161079407,0.2454225867986679,0.03545696660876274,0.5280253887176514,0.0,0.3647199273109436,0.009062006138265133,0.17705298960208893,0.09351713210344315,1.5617669820785522,1.419903039932251,0.1438174694776535,0.0,0.010222505778074265,0.20956885814666748,0.1840449571609497,0.017386499792337418,0.06239256262779236,0.10532420128583908,0.0,0.949167013168335,1.4491782188415527,1.3024367094039917,0.046623047441244125,1.0887142419815063,1.3085873126983643,0.16366040706634521,1.164846420288086,0.10909894853830338,0.15302616357803345,1.6179530620574951,0.026522023603320122,0.026432372629642487,0.04061078652739525,0.11295898258686066,0.0494111068546772,0.003550800960510969,0.5983964800834656,0.32910457253456116,0.09554620832204819,0.004448202904313803,0.001399944769218564,0.044997457414865494,0.23279322683811188,0.0,0.005026309750974178,0.027408305555582047,0.013151989318430424,0.0008880541427060962,0.6845245361328125,0.158065527677536,2.5542898178100586,2.785144805908203,4.710354804992676,3.839643716812134,3.7936298847198486,0.3059041500091553,3.181818723678589,1.5287376642227173,0.965001106262207,0.11113431304693222,0.03872930631041527,0.05156395211815834,0.04441577196121216,1.2282342910766602,0.036225344985723495,0.0622972771525383,0.99311763048172
3,0.11960284411907196,0.038427554070949554,0.08785203844308853,0.00877118669450283,0.002212506253272295,0.8872637748718262,0.0,0.034064650535583496,0.014143269509077072,0.0,0.3932340443134308,1.1293586492538452,0.033745549619197845,0.023508315905928612,0.0,0.010937049053609371,0.0032370532862842083,0.0010692053474485874,0.0,0.0070863645523786545,0.028604600578546524,2.574676990509033,0.004572766833007336,0.0025600933004170656,0.004398013465106487,0.002566430252045393,0.577731192111969,0.028947748243808746,0.5402313470840454,0.0,1.8556077480316162,0.1820688098669052,0.08727014064788818,0.0465884692966938,0.01824253797531128,0.0017745868535712361,0.0003644494863692671,0.0,0.020720437169075012,0.11722926050424576,0.5471069812774658,0.022034278139472008,0.02034922130405903,1.4361761808395386,0.055413201451301575,0.0,0.0011211112141609192,0.027640625834465027,0.0,0.012518015690147877,0.0010551472660154104,0.32679283618927,0.7751515507698059,2.2239885330200195,2.2150325775146484,0.1338440477848053,0.0,0.0,0.002318809274584055,0.005629203747957945,0.12448444217443466,0.11592479050159454,0.0028418065048754215,0.0006665133405476809,0.6228829622268677,2.209104537963867,1.7820684909820557,0.05060553550720215,2.2474400997161865,1.728536605834961,0.09891661256551743,0.06729557365179062,0.0006958271260373294,0.0037888656370341778,2.908560037612915,0.007356303744018078,0.009058913215994835,0.0,0.023097679018974304,0.014826725237071514,0.003178306622430682,0.932767927646637,0.015705648809671402,0.2816685438156128,0.010721780359745026,0.0017202816670760512,0.02421724982559681,0.05932450667023659,0.007752930745482445,0.0010966613190248609,0.008756976574659348,0.0040971338748931885,0.006607008632272482,0.014738494530320168,0.018473433330655098,0.22425337135791779,0.5923439264297485,2.4456565380096436,4.318396091461182,5.6927361488342285,0.3856982886791229,5.036645889282227,0.34118789434432983,1.4809786081314087,0.07569633424282074,0.1873960644006729,0.013292164541780949,0.019857758656144142,0.03115321882069111,0.0021795625798404217,0.08181653916835785,1.4468010663986206
4,0.5646100044250488,0.024379964917898178,0.6357311010360718,0.0,0.0017125727608799934,0.7696309089660645,0.0,0.01685171388089657,0.006974088493734598,0.0,0.36875519156455994,1.5474351644515991,0.0,0.016588587313890457,0.0,0.010041785426437855,0.0,0.001453304779715836,0.0,0.011643733829259872,0.014504414051771164,2.3361520767211914,0.0023287623189389706,0.0011708629317581654,0.0,0.0,0.8495797514915466,0.005933749955147505,0.5987213850021362,0.0,1.9828835725784302,0.04414765164256096,0.07478834688663483,0.01299196109175682,0.0026455570477992296,0.0,0.0007049777777865529,0.0016469195252284408,0.010201744735240936,0.03498539701104164,0.1427730917930603,0.1369462013244629,0.009550774469971657,1.132105827331543,0.017338179051876068,0.01777283102273941,0.0,0.030873525887727737,0.0015418640105053782,0.04160258173942566,0.0028007938526570797,0.03215118497610092,0.08607113361358643,1.6844227313995361,2.5628159046173096,0.09494314342737198,0.0,0.0058008101768791676,0.005298319272696972,0.006440796889364719,0.0011397656053304672,0.015698755159974098,0.007597017101943493,0.007259711157530546,0.40318763256073,1.7263051271438599,1.4353731870651245,0.010367628186941147,1.3288569450378418,1.4024953842163086,0.8685349225997925,0.058000389486551285,0.0022368254140019417,0.013331692665815353,0.2912187874317169,0.00981920026242733,0.0,0.0,0.3917634189128876,0.004141467157751322,0.003347754944115877,2.4830162525177,0.03141939267516136,0.11693493276834488,0.002409667707979679,0.0038613067008554935,0.07450761646032333,0.06093132868409157,0.0,0.0008474564529024065,0.013323353603482246,0.0,0.0016564555699005723,0.02272581309080124,0.15376389026641846,0.28482839465141296,0.5065591931343079,1.89919912815094,1.500483512878418,3.4883244037628174,0.4129601716995239,5.126616954803467,4.412820339202881,2.640496253967285,0.0655558779835701,0.010439446195960045,0.014328869991004467,0.013948961161077023,0.169866144657135,0.0059807272627949715,0.08271621912717819,1.0869866609573364
5,0.03780316561460495,0.063268281519413,0.034174688160419464,0.002371900249272585,0.001856994815170765,0.7633066177368164,0.0,0.035041455179452896,0.007044191472232342,0.0021117611322551966,0.6299421191215515,0.8134393095970154,0.025498701259493828,0.02821497432887554,0.0,0.021523747593164444,0.002117674797773361,0.0024136730935424566,0.0,0.001969254110008478,0.02254893258213997,1.5292322635650635,0.0,0.002056443365290761,0.0,0.0018041608855128288,0.3054252564907074,0.02426791749894619,0.5383583307266235,0.0,1.6600655317306519,0.1688918173313141,0.09067459404468536,0.04772883653640747,0.03505608066916466,0.0013966261176392436,0.005657772533595562,0.0,0.03012686036527157,0.45666277408599854,0.26909929513931274,0.006391793489456177,0.006305290386080742,0.9794626235961914,0.03793322667479515,0.002473533619195223,0.0,0.09197267889976501,0.0015618129400536418,0.008446435444056988,0.0,0.2850811779499054,0.6724861860275269,0.9014834761619568,1.8483054637908936,0.044448599219322205,0.0,0.005406255833804607,0.0024211478885263205,0.002379713114351034,0.10535243153572083,0.05590086802840233,0.001195683958940208,0.017205262556672096,3.448885440826416,2.261477470397949,2.7012412548065186,1.749513030052185,2.387974977493286,1.7465343475341797,0.07227244973182678,0.059431061148643494,0.004887289833277464,0.005441867746412754,0.21085898578166962,0.0,0.008527126163244247,0.0,0.017538990825414658,0.04642787203192711,0.008208252489566803,0.17423854768276215,0.014268728904426098,0.026736851781606674,0.005537902936339378,0.0031072404235601425,0.492928683757782,0.057309363037347794,0.007671568542718887,0.0032138624228537083,0.023228956386446953,0.012339375913143158,0.0,0.017913436517119408,0.0010031869169324636,0.23377124965190887,0.29768630862236023,1.0447492599487305,1.220533013343811,0.7816422581672668,1.4608906507492065,3.6128385066986084,0.26424312591552734,0.923154354095459,0.05147900432348251,0.06711819022893906,0.014485699124634266,0.5703763365745544,0.06650679558515549,0.0,0.06772259622812271,0.8432496786117554
6,0.035636406391859055,0.0946018248796463,0.029647221788764,0.0015800581313669682,0.0,0.033234789967536926,0.0,0.0253897774964571,0.00392083078622818,0.0019880877807736397,4.194761276245117,0.12467439472675323,0.01270814798772335,0.09443499892950058,0.0,0.02406592294573784,0.002937149489298463,0.0,0.0,0.2308136224746704,0.04702087864279747,2.0917716026306152,0.003383688163012266,0.002839061664417386,0.00312591134570539,0.0014953549252822995,0.6417689919471741,0.0035540065728127956,0.520689845085144,0.0,1.5961570739746094,0.07814043015241623,0.05827346071600914,0.030020151287317276,0.02983795665204525,0.0,0.0,0.0,0.09486646950244904,0.09990226477384567,1.8393254280090332,0.010467799380421638,0.01511845551431179,1.3967832326889038,0.007712031714618206,0.0,0.0,1.449855089187622,0.0,0.002130419248715043,0.0,0.11830613762140274,0.9802161455154419,1.8847259283065796,0.15694554150104523,0.24859105050563812,0.0,0.0014614087995141745,0.0,0.008901991881430149,0.08273196965456009,0.0067406026646494865,0.0050185080617666245,0.0,0.05710185691714287,1.8709888458251953,2.0113086700439453,0.016985811293125153,0.42295631766319275,2.2865567207336426,0.0673728883266449,0.05901668593287468,0.004070696420967579,0.006982459686696529,0.23023009300231934,0.0014278815360739827,0.006913472898304462,0.002985919127240777,0.00680297426879406,0.039491958916187286,0.019186262041330338,0.03630560263991356,0.004846446681767702,0.009058275260031223,0.009228724986314774,0.0058664302341639996,0.008716132491827011,0.03292010724544525,0.0029340418986976147,0.015652723610401154,0.003301075892522931,0.009294483810663223,0.015325209125876427,0.0016695854719728231,0.004723147954791784,0.06967965513467789,0.09108062088489532,1.201785922050476,0.7315152883529663,0.26404133439064026,0.07450979948043823,0.19687479734420776,0.3029918074607849,0.9669681787490845,0.16288606822490692,0.017276888713240623,0.019887272268533707,0.004722152836620808,3.2013955116271973,0.0,0.0038774616550654173,0.7213766574859619
7,0.4917837381362915,0.07486796379089355,3.7351338863372803,0.008726541884243488,0.002902946900576353,0.14593786001205444,0.0,0.12000590562820435,0.04154215008020401,0.0,0.28120312094688416,3.3308935165405273,0.04533503204584122,0.002601575804874301,0.0,0.03259667009115219,0.007637886330485344,0.0,0.001194979646243155,0.004962562583386898,0.04417198896408081,0.6686922311782837,0.0,0.0,0.0,0.0,0.5138237476348877,0.03851674497127533,0.1946566253900528,0.0,0.5667308568954468,0.3394452929496765,0.019587216898798943,0.06832239776849747,0.018769770860671997,0.0,0.0,0.0,0.011017227545380592,0.2320386916399002,0.08270736783742905,0.01671503484249115,0.04739344120025635,1.1285947561264038,0.0861857682466507,0.01484651118516922,0.0,0.06216011941432953,0.0,0.006403534207493067,0.0031855469569563866,0.3599186837673187,0.8148103952407837,0.41754448413848877,3.4366226196289062,0.014896968379616737,0.0,0.009173535741865635,0.004628126975148916,0.0008751428686082363,0.15236517786979675,0.008833516389131546,0.0,0.0,0.09011577814817429,2.1942741870880127,2.6195526123046875,0.0195707269012928,2.805504560470581,1.6816158294677734,0.01580887660384178,0.1688069999217987,0.005219606216996908,0.018962278962135315,0.3874413073062897,0.0,0.012133680284023285,0.0,0.6389148831367493,0.014245688915252686,0.00760958157479763,2.0407497882843018,0.02088315784931183,0.008246872574090958,0.0020829590503126383,0.006906168069690466,0.3807355463504791,0.11630214750766754,0.0266873762011528,0.017267955467104912,0.00893079861998558,0.02655535750091076,0.0,0.040293946862220764,1.104446291923523,0.6601676344871521,0.6368870735168457,2.4230165481567383,1.6246488094329834,1.334778070449829,0.41698914766311646,3.3351032733917236,0.9043705463409424,1.2977045774459839,0.6987906694412231,0.006936638616025448,0.0,0.008654352277517319,0.09872990846633911,0.007847392931580544,0.4892497956752777,0.2538411617279053
8,0.04331368952989578,0.07433966547250748,0.026121187955141068,0.00624528294429183,0.0012719645164906979,1.5294947624206543,0.0,0.027129482477903366,0.008260797709226608,0.007677752524614334,0.8891580700874329,0.16674832999706268,0.014337906613945961,0.04193322733044624,0.0,0.0389489121735096,0.021106988191604614,0.020011287182569504,0.01561127882450819,0.0145949088037014,0.0324007011950016,1.943543553352356,0.004840346518903971,0.005890426691621542,0.01696380414068699,0.004108317196369171,0.44085317850112915,0.019645582884550095,0.5650494694709778,0.0,1.625396490097046,0.0594075582921505,0.1919325292110443,0.167885422706604,0.11339864879846573,0.005356489680707455,0.010955261997878551,0.002762574702501297,0.027004312723875046,0.3158928453922272,0.2906719744205475,0.014269715175032616,0.003159955842420459,1.226409673690796,0.027407485991716385,0.002762574702501297,0.0015846421010792255,0.07248594611883163,0.0027446900494396687,0.028463557362556458,0.0018074415856972337,0.1474294662475586,0.28226274251937866,1.5675663948059082,0.34205955266952515,0.27654170989990234,0.0011614698451012373,0.002149658277630806,0.00211665453389287,0.007405443117022514,0.06991268694400787,0.07181860506534576,0.009996472857892513,0.0,0.765887975692749,2.1639046669006348,3.2366650104522705,0.3530820906162262,2.03351092338562,1.634093165397644,0.03358248993754387,0.39801913499832153,0.0020729482639580965,0.008366116322577,1.240688443183899,0.03703158348798752,0.003989897668361664,0.003352752886712551,0.10880935192108154,0.015295250341296196,0.03967423737049103,0.06809624284505844,0.03392183035612106,0.251719206571579,0.06703066825866699,0.03539254143834114,0.034680839627981186,0.03392753005027771,0.0015598603058606386,0.014659004285931587,0.0050841448828577995,0.0047908807173371315,0.0,0.04552802816033363,0.03566509112715721,0.1267877072095871,0.5741156935691833,6.477454662322998,5.438227653503418,0.8984885811805725,0.495125949382782,1.5530799627304077,0.3744865655899048,0.5924793481826782,0.1363338977098465,0.0834791287779808,0.046014126390218735,0.03590671345591545,0.1165955662727356,0.013577895238995552,0.023560231551527977,2.1135237216949463
9,0.015602530911564827,0.061298519372940063,0.03072912059724331,0.00529551412910223,0.0,0.01135468203574419,0.0,0.06406451016664505,0.02709491178393364,0.0,4.103235721588135,0.19575922191143036,0.027939623221755028,0.05138299614191055,0.0,0.006532294675707817,0.00482125673443079,0.012768886983394623,0.006062746047973633,0.12657412886619568,0.04492110013961792,1.0123515129089355,0.0030617457814514637,0.006124445237219334,0.010928768664598465,0.007193984463810921,0.07057634741067886,0.006721978075802326,0.31616976857185364,0.0,0.8194666504859924,0.09651613980531693,0.03401397913694382,0.06374665349721909,0.021929526701569557,0.0,0.0,0.0,0.04485214501619339,0.18088093400001526,0.2046089470386505,0.003950088284909725,0.03952210023999214,0.5970005989074707,0.03202913701534271,0.009516799822449684,0.0,0.7493271231651306,0.0,0.022293802350759506,0.012758014723658562,0.09891222417354584,0.615953803062439,0.9500206112861633,0.27950572967529297,0.035378605127334595,0.0,0.0,0.0,0.00592327443882823,0.10808616131544113,0.0,0.005860409699380398,0.0,0.21198657155036926,1.4436850547790527,1.4028406143188477,0.0,0.20022214949131012,1.8083341121673584,0.01892036199569702,0.12740421295166016,0.010769197717308998,0.020209766924381256,0.39052245020866394,0.0,0.00584442587569356,0.0,0.0,0.010179970413446426,0.01699206605553627,0.05197748914361,0.023284753784537315,0.0024447340983897448,0.012360075488686562,0.007913411594927311,0.0,0.05881400406360626,0.0,0.029052257537841797,0.005464516580104828,0.0,0.007019564043730497,0.01311584748327732,0.03340552747249603,0.3824593722820282,0.5611262917518616,2.183225154876709,1.3294256925582886,0.8619369864463806,0.09664848446846008,0.3472445607185364,0.5837336182594299,0.15262605249881744,0.12099404633045197,0.0,0.0,0.0,3.023897171020508,0.006991814821958542,0.0,0.19811061024665833
10,0.11926461011171341,0.07392138987779617,0.2802983224391937,0.0,0.014339655637741089,0.508955717086792,0.0,0.011337393894791603,0.008279619738459587,0.0,0.8353636860847473,1.0648940801620483,0.036141056567430496,0.02485211379826069,0.0,0.46722909808158875,0.2907235622406006,0.2913976311683655,0.3440559506416321,0.03107353299856186,0.013013623654842377,1.576850175857544,0.05773281678557396,0.069210946559906,0.19659289717674255,0.10423756390810013,0.5630444288253784,0.019923672080039978,0.755642294883728,0.0,1.6297767162322998,0.09958074241876602,0.07352951169013977,0.03656594082713127,0.0,0.018754925578832626,0.0,0.01900188997387886,0.017101356759667397,0.21553494036197662,0.35296472907066345,0.035632386803627014,0.011613248847424984,0.8753315210342407,0.014692642726004124,0.00638875225558877,0.0,0.10682329535484314,0.01406578067690134,1.033165693283081,0.0033336293417960405,0.19369865953922272,0.13077932596206665,1.075439453125,1.832648515701294,0.15742112696170807,0.04115945100784302,0.008218747563660145,0.032402172684669495,0.03536184877157211,0.022895153611898422,0.07798515260219574,0.6994873881340027,0.0,1.3034261465072632,1.5814106464385986,1.4772179126739502,0.3385198712348938,1.1350733041763306,1.2589302062988281,0.10883242636919022,0.09062190353870392,0.01569817215204239,0.0074246106669306755,1.0798542499542236,0.0,0.043860193341970444,0.0433243028819561,0.12243510037660599,0.02597910352051258,0.0,0.6172938346862793,1.1694248914718628,0.10415206849575043,0.0,0.010110616683959961,0.163417786359787,0.04212567210197449,0.0059509254060685635,0.04701715707778931,0.014765005558729172,0.0,0.011306392960250378,0.8741405606269836,0.1501571387052536,0.28715887665748596,0.6004226207733154,3.23344087600708,2.5903029441833496,3.2043612003326416,0.41854462027549744,3.3468196392059326,1.1248453855514526,0.9881082773208618,0.05974188074469566,0.06474614888429642,0.0,0.19689148664474487,0.4343045949935913,0.5016189217567444,0.09949890524148941,1.0641396045684814
11,0.07110100984573364,0.043817851692438126,0.06750126928091049,0.0,0.0,0.004903498571366072,0.0,0.053691234439611435,0.0014969012700021267,0.001594944973476231,3.280132293701172,0.4438306987285614,0.011248423717916012,0.04478729888796806,0.0,0.06208759918808937,0.0,0.0,0.0031852193642407656,0.4210439622402191,0.017516830936074257,0.875866174697876,0.0,0.0020723999477922916,0.005196284968405962,0.0,0.7294718027114868,0.0072922008112072945,0.6829967498779297,0.0,2.0226292610168457,0.04964536428451538,0.06540682166814804,0.01913200318813324,0.011104806326329708,0.011936348862946033,0.0,0.0,0.07727406919002533,0.03330882638692856,1.9354513883590698,0.00987235177308321,0.005794544704258442,1.0466258525848389,0.026614608243107796,0.0143946697935462,0.0014621716691181064,1.5333694219589233,0.0,0.02690102718770504,0.0029287482611835003,0.029062246903777122,0.06457385420799255,0.4529711902141571,0.6694022417068481,0.2771688401699066,0.0,0.0,0.006530595012009144,0.01673313044011593,0.004033009521663189,0.011744542978703976,0.0,0.0,0.21488268673419952,1.4533802270889282,1.3151684999465942,0.005035261157900095,0.40281012654304504,2.0538907051086426,0.04689350351691246,0.09031867980957031,0.010349241085350513,0.004918716847896576,0.2310246080160141,0.004766199737787247,0.0,0.0,0.03585737943649292,0.07296593487262726,0.006319916807115078,0.026744313538074493,0.017264224588871002,0.020558221265673637,0.001808422850444913,0.004970019683241844,0.009240971878170967,0.035078614950180054,0.0014621716691181064,0.0,0.0031852193642407656,0.0014285367215052247,0.004623055458068848,0.03908210247755051,0.021910596638917923,0.38140347599983215,0.45800989866256714,2.5106115341186523,1.4616581201553345,1.033926248550415,0.07260467857122421,0.5306159853935242,0.389865517616272,0.7980871200561523,0.09268749505281448,0.002220854163169861,0.010323022492229939,0.0013776276027783751,2.773437976837158,0.002882670611143112,0.016335703432559967,0.5032597780227661
12,0.07001028954982758,0.09634227305650711,0.05694891884922981,0.0011784262023866177,0.0011956479866057634,0.015749491751194,0.0,0.038943491876125336,0.004026337526738644,0.0031898929737508297,3.6036148071289062,0.5480651259422302,0.003538586897775531,0.06742047518491745,0.0,0.04190128669142723,0.001686201198026538,0.0014765862142667174,0.0024466924369335175,0.43314120173454285,0.03329895809292793,0.8781354427337646,0.0010849667014554143,0.0,0.00667860172688961,0.0004719647695310414,0.765551745891571,0.0107654370367527,1.1862999200820923,0.0,2.4491043090820312,0.04041394218802452,0.06806454062461853,0.01772231236100197,0.011487205512821674,0.0037284439895302057,0.0,0.0,0.12582601606845856,0.035329096019268036,1.493092656135559,0.008277464658021927,0.012404268607497215,1.3824751377105713,0.020205339416861534,0.003779531456530094,0.0019486614037305117,1.5617306232452393,0.0008527489844709635,0.01472377683967352,0.0034627197310328484,0.021555686369538307,0.07403973489999771,0.5302849411964417,1.0296226739883423,0.15556742250919342,0.0,0.0007497862097807229,0.004480469040572643,0.004029886797070503,0.001546511659398675,0.008603891357779503,0.005014366935938597,0.005418621469289064,0.6803427338600159,1.9643306732177734,1.6991561651229858,0.001841539517045021,0.5535496473312378,2.4314634799957275,0.06525501608848572,0.06072990596294403,0.00515941996127367,0.0027948005590587854,0.3116317093372345,0.0017379235941916704,0.0012863748706877232,0.0003610667772591114,0.02960805967450142,0.05957414582371712,0.007551860995590687,0.036114223301410675,0.014593496918678284,0.0195938628166914,0.007275104057043791,0.0056029330007731915,0.011590264737606049,0.02385120466351509,0.003662725677713752,0.0031693296041339636,0.0014682088512927294,0.004420850891619921,0.017372138798236847,0.018957022577524185,0.03395945206284523,0.24751940369606018,0.3297257125377655,2.2293152809143066,1.2048845291137695,1.0222867727279663,0.23555304110050201,0.45719844102859497,0.2865844666957855,0.6190490126609802,0.07212177664041519,0.002615099074319005,0.029637744650244713,0.00386425806209445,3.2029943466186523,0.0027591674588620663,0.007767690811306238,0.8803282976150513
13,0.09040819108486176,0.04268492013216019,0.031390443444252014,0.0,0.0,0.03002946823835373,0.6176136136054993,0.04123862087726593,0.028372392058372498,0.791814386844635,0.9670039415359497,0.19859670102596283,0.0,0.035951726138591766,0.0,0.03618277609348297,0.03308549523353577,0.0,0.0,0.027068233117461205,0.0,0.5902092456817627,0.0,0.0,0.03595031797885895,0.07952061295509338,0.6665309071540833,0.028945481404662132,0.6207468509674072,0.9252532124519348,1.1501411199569702,0.48049396276474,0.037458162754774094,0.037589043378829956,0.16581721603870392,0.0,0.0,0.04597318544983864,0.1712789386510849,0.04212764650583267,0.35561686754226685,0.027393778786063194,0.01274079829454422,1.8001985549926758,0.014944085851311684,0.0,0.0,0.2370125949382782,0.01600886508822441,0.0,0.028945481404662132,0.3529897630214691,0.32060375809669495,0.35951921343803406,0.533428430557251,0.012171056121587753,0.0,0.01274079829454422,0.0,0.0,0.02031804993748665,0.02773759327828884,0.0,0.0,0.34036773443222046,1.9546414613723755,0.5092896819114685,0.0,1.0758260488510132,1.8057258129119873,0.011530720628798008,0.06226310506463051,0.0,0.0,0.4695436954498291,0.0,0.07553009688854218,0.0,0.02164013683795929,0.012171056121587753,0.018649643287062645,0.03263368085026741,0.03308549523353577,0.03437981382012367,0.0,0.0,0.01599104516208172,0.08375409245491028,0.0,0.38336074352264404,0.0,0.0,0.79387366771698,0.05092103034257889,0.018649643287062645,0.256163626909256,0.23233291506767273,2.5515923500061035,1.9373852014541626,1.6073259115219116,0.11582619696855545,1.074717402458191,0.35876354575157166,0.13968929648399353,0.05345974117517471,0.020849455147981644,0.0,0.0,0.8683423399925232,0.0,0.01711985468864441,1.2644011974334717
14,0.1811874955892563,0.0631050318479538,0.3379749655723572,0.0,0.08035927265882492,0.23099569976329803,0.0,0.03223535045981407,0.19576147198677063,0.0,1.9821406602859497,1.5615195035934448,0.02332383580505848,0.05084386467933655,0.0,0.056401584297418594,0.004425862804055214,0.008152373135089874,0.014989164657890797,0.14065466821193695,0.054770443588495255,1.6470750570297241,0.0,0.0,0.0430278517305851,0.0018553085392341018,0.7704786062240601,0.44040533900260925,0.9725328087806702,0.0,2.0163991451263428,1.0812801122665405,0.04476577043533325,0.030652113258838654,0.01873915083706379,0.0,0.007390873972326517,0.0,0.10127536952495575,0.038418274372816086,0.9211775064468384,0.20518375933170319,0.4514288306236267,1.136654257774353,0.039892420172691345,0.004425862804055214,0.002777290530502796,0.6808615922927856,0.0,0.020497705787420273,0.11587484925985336,0.008459409698843956,0.053051769733428955,1.1358106136322021,1.492940902709961,0.12578509747982025,0.0,0.005177273415029049,0.009862024337053299,0.0,0.002777290530502796,0.26559683680534363,0.005629301071166992,0.013876033015549183,1.1689010858535767,1.767129898071289,1.4719611406326294,0.03817275911569595,1.1527903079986572,1.836727261543274,0.14704927802085876,0.0535014271736145,0.030268535017967224,0.009832652285695076,1.2149503231048584,0.0022482930216938257,0.051428813487291336,0.0,0.12391749769449234,0.052202437072992325,0.0,0.42959877848625183,0.014501652680337429,0.12377601861953735,0.0,0.0,0.07681789249181747,1.0224295854568481,0.007607217878103256,0.3215346038341522,0.0,0.0,0.007659279741346836,0.08195722848176956,0.09178673475980759,0.2788546681404114,0.37170886993408203,3.805042028427124,2.4270381927490234,3.2125842571258545,0.32330232858657837,2.9347610473632812,0.5056079030036926,0.9593771696090698,0.15615253150463104,0.010975688695907593,0.030645081773400307,0.08039720356464386,1.5769916772842407,0.005975266918540001,0.0525500662624836,0.9845144748687744
15,0.0310104601085186,0.08362656831741333,0.04985509440302849,0.0,0.0014425055123865604,0.3051987290382385,0.0,0.043993569910526276,0.0,0.002826176816597581,0.8911190629005432,1.1386470794677734,0.004151168745011091,0.03391179069876671,0.0,0.02736533246934414,0.0016432980773970485,0.0,0.005449254065752029,0.010869420133531094,0.031840451061725616,0.8250404000282288,0.0010552440071478486,0.0,0.0018424146110191941,0.0040939426980912685,0.41591909527778625,0.019757084548473358,0.8942227959632874,0.0,1.3276925086975098,0.02457190863788128,0.07135601341724396,0.01437905803322792,0.013839878141880035,0.005004699341952801,0.0045402515679597855,0.0009934160625562072,0.05879244580864906,0.18977227807044983,0.1744557023048401,0.003481511026620865,0.013368606567382812,0.7935209274291992,0.00875985436141491,0.0,0.0,0.06850307434797287,0.0011815809411928058,0.008464790880680084,0.0031955011654645205,0.003911915235221386,0.02341627888381481,0.40310874581336975,1.4130926132202148,0.09977276623249054,0.0010765567421913147,0.01579757034778595,0.0034144159872084856,0.009913709945976734,0.015713421627879143,0.008859936147928238,0.010636561550199986,0.04211628437042236,3.508699655532837,2.0268969535827637,2.5139999389648438,0.8159756064414978,0.9196937680244446,1.594082236289978,0.032362330704927444,0.044310562312603,0.005575709044933319,0.009447786025702953,0.2007485032081604,0.010363769717514515,0.0038428178522735834,0.0,0.016282543540000916,0.07775796204805374,0.0019822707399725914,0.04338882863521576,0.009185011498630047,0.04898976907134056,0.008658909238874912,0.0023300843313336372,0.31903332471847534,0.021448343992233276,0.0014451062306761742,0.21075308322906494,0.012422583997249603,0.0,0.002625552238896489,0.01195546891540289,0.03765541687607765,0.17067691683769226,0.25567469000816345,1.5957496166229248,1.5961204767227173,0.5302527546882629,0.7697442173957825,2.360675573348999,0.34226715564727783,0.5963292121887207,0.05909646302461624,0.05634484067559242,0.02234792336821556,0.8603624105453491,0.20960387587547302,0.008468640968203545,0.055390000343322754,0.9294024705886841
16,0.06849939376115799,0.07580552250146866,0.1303415149450302,0.0,0.0009599080076441169,0.2598564922809601,0.002792943501845002,0.029443711042404175,0.004121851176023483,0.004455565940588713,2.582564353942871,1.1609041690826416,0.0014424171531572938,0.05354520305991173,0.0,0.04596778005361557,0.029178423807024956,0.04288223385810852,0.04180549085140228,0.2742268741130829,0.03520612418651581,1.7164667844772339,0.008269982412457466,0.010537984780967236,0.023470591753721237,0.008466021157801151,0.8704773783683777,0.019632333889603615,1.1877554655075073,0.002072261180728674,2.3260269165039062,0.06146708503365517,0.08182496577501297,0.014691981486976147,0.004350149072706699,0.002680771751329303,0.0,0.0018757954239845276,0.06353610754013062,0.022502994164824486,1.0177727937698364,0.029865339398384094,0.023532448336482048,1.2647075653076172,0.012730123475193977,0.008617663756012917,0.0013477298198267817,0.9869655966758728,0.0019324016757309437,0.13654911518096924,0.004890250042080879,0.019147027283906937,0.06500056385993958,1.0081278085708618,1.6481832265853882,0.17764948308467865,0.0033260127529501915,0.0013958216877654195,0.012848425656557083,0.01237270887941122,0.0003019447613041848,0.10720804333686829,0.0616631880402565,0.005993027240037918,1.2658023834228516,1.9274457693099976,1.6548460721969604,0.004955407232046127,1.3188401460647583,1.9868800640106201,0.10089700669050217,0.0476057343184948,0.005288072396069765,0.005114576313644648,1.7864466905593872,0.004319002851843834,0.0026505794376134872,0.008074406534433365,0.062119513750076294,0.036682937294244766,0.010670681484043598,0.40437543392181396,0.13629095256328583,0.1682400405406952,0.007775532081723213,0.0014765248633921146,0.02657017856836319,0.03969809412956238,0.00515682203695178,0.005421829409897327,0.004472473636269569,0.005485629662871361,0.009520500898361206,0.09533192217350006,0.03671877831220627,0.2265191376209259,0.40523919463157654,5.352457046508789,3.547529697418213,4.908844470977783,0.3418258726596832,3.9073870182037354,0.509833037853241,0.963576078414917,0.09484197944402695,0.01937389373779297,0.01845068857073784,0.0075998161919415,2.2782087326049805,0.058255650103092194,0.04846092313528061,1.206850528717041
17,0.05204880237579346,0.02933496981859207,0.08061467856168747,0.0,0.0030187335796654224,0.41614043712615967,0.0006876302068121731,0.021024879068136215,0.006983521394431591,0.002456487389281392,0.5553790926933289,1.1920263767242432,0.0,0.021640006452798843,0.0009924388723447919,0.004286032635718584,0.0,0.0039728060364723206,0.0005916589871048927,0.005721502937376499,0.026568938046693802,2.0839428901672363,0.0,0.0,0.002337432000786066,0.008881070651113987,0.8220731616020203,0.011107448488473892,0.7516902685165405,0.0,2.169454574584961,0.055910609662532806,0.06105189025402069,0.011338853277266026,0.005074372049421072,0.0010814341949298978,0.0007080640061758459,0.0,0.014348719269037247,0.02734437771141529,0.27791911363601685,0.03665021061897278,0.017214428633451462,1.06211519241333,0.02039978839457035,0.01732589118182659,0.0016827038489282131,0.03703365474939346,0.0,0.011947788298130035,0.0007201832486316562,0.038938362151384354,0.057424888014793396,1.179913878440857,1.705262303352356,0.12910249829292297,0.0,0.0,0.005598858464509249,0.004175946582108736,0.005503873340785503,0.21606869995594025,0.0011183861643075943,0.005041290074586868,1.101184368133545,1.7803747653961182,1.3240952491760254,0.005126063711941242,1.580415964126587,1.4761486053466797,0.1080687865614891,0.05121585726737976,0.012171100825071335,0.005704174749553204,2.515650749206543,0.0004275052051525563,0.0032388113904744387,0.001668512006290257,0.06745890527963638,0.012891298159956932,0.002211802639067173,0.3861546516418457,0.01048502791672945,0.31991609930992126,0.0025450685061514378,0.002829574514180422,0.017657779157161713,0.03366352990269661,0.002272725338116288,0.0018389539327472448,0.004836131352931261,0.0,0.0012918873690068722,0.025436025112867355,0.0377795547246933,0.23676329851150513,0.43499743938446045,6.1866068840026855,4.298579216003418,5.958004474639893,0.2945230305194855,4.856223106384277,0.36335325241088867,0.8212040066719055,0.05343465507030487,0.029758771881461143,0.007944696582853794,0.030517389997839928,0.10787628591060638,0.004059757571667433,0.08553712069988251,1.2277237176895142
18,0.21220141649246216,0.058755215257406235,3.463836908340454,0.0,0.0,0.09646699577569962,0.0,0.01363379042595625,0.0,0.0,0.25797513127326965,3.519987106323242,0.0,0.010344622656702995,0.0,0.01080980896949768,0.0,0.0,0.0,0.0032437341287732124,0.016568465158343315,0.26253873109817505,0.0,0.0,0.0,0.0,0.8355958461761475,0.006914546247571707,0.3037159740924835,0.0,0.8649575710296631,0.011804969981312752,0.00978044793009758,0.006128405220806599,0.018183769658207893,0.004890423733741045,0.018148597329854965,0.0038643586449325085,0.013285856693983078,0.06995490193367004,0.048233762383461,0.01175242755562067,0.0,1.094480037689209,0.021444424986839294,0.022401951253414154,0.0,0.04713783413171768,0.0,0.03572878614068031,0.009136115200817585,0.019276171922683716,0.05418233200907707,0.10373295843601227,2.3005592823028564,0.15065857768058777,0.0,0.0,0.0,0.0,0.0,0.006914546247571707,0.0038934943731874228,0.0,0.05740630626678467,1.854021668434143,2.1039013862609863,0.0,1.982818365097046,1.5274852514266968,0.004306936636567116,0.08565413951873779,0.0,0.03140278905630112,0.1455696076154709,0.0,0.0,0.0,0.7248913049697876,0.0,0.0,0.8661476373672485,0.029139738529920578,0.020021243020892143,0.018093008548021317,0.012774254195392132,0.5729451775550842,0.02998519316315651,0.0,0.0,0.0,0.0,0.0,0.027913525700569153,3.8641161918640137,0.48782506585121155,0.597842276096344,2.5252723693847656,1.2662756443023682,1.0840760469436646,0.11274314671754837,2.7582080364227295,0.63460773229599,1.178756594657898,0.39179712533950806,0.017664678394794464,0.011261072009801865,0.011011789552867413,0.23378996551036835,0.011751610785722733,0.7072395086288452,0.3104545474052429
19,0.9693922996520996,0.05765383690595627,3.827558994293213,0.0,0.0,0.17809632420539856,0.0,0.05265552178025246,0.00862894393503666,0.0,0.12834376096725464,3.7231526374816895,0.012688448652625084,0.004615716636180878,0.0,0.0,0.0,0.0,0.0,0.0,0.017704900354146957,0.8093881607055664,0.0,0.0,0.0,0.0,1.2383724451065063,0.0,0.26057374477386475,0.0,1.3548578023910522,0.0,0.04049777612090111,0.018659990280866623,0.03496846184134483,0.0,0.026335258036851883,0.0,0.049311526119709015,0.19522176682949066,0.1027931198477745,0.005786411464214325,0.025713233277201653,1.7062548398971558,0.0,0.0,0.0,0.06934948265552521,0.0,0.020938284695148468,0.0,0.004813662264496088,0.01316364947706461,0.21259769797325134,4.008776664733887,0.05941252037882805,0.0,0.00694652646780014,0.0038646385073661804,0.005035752896219492,0.05662016570568085,0.007738335058093071,0.018277980387210846,0.0,0.006006935145705938,2.6566240787506104,3.210310697555542,0.006467164494097233,3.5090346336364746,2.4440202713012695,0.009116148576140404,0.05989710986614227,0.00862894393503666,0.0,0.29896169900894165,0.0,0.0,0.0,1.5807085037231445,0.03820785507559776,0.0,3.1653006076812744,0.0,0.03222769498825073,0.014556244015693665,0.0,0.9647452235221863,0.020958583801984787,0.0,0.010887986049056053,0.004615716636180878,0.0,0.0,0.008834662847220898,1.9747028350830078,0.03069814294576645,0.046469349414110184,0.9480393528938293,0.5353937745094299,0.0519886240363121,0.35079851746559143,4.618147850036621,0.8288883566856384,1.987619161605835,1.4481878280639648,0.0,0.011316442862153053,0.0,0.06093723326921463,0.006323440000414848,0.9181170463562012,0.7207800149917603
