cluster,gene,scores,log2FC,pval,pval_adj,frac_expressing_in_cluster,frac_expressing_other
0,CTSB,50.140965,4.585024,0.0,0.0,0.996,0.4495491787945677
0,CD68,49.296494,5.0866346,0.0,0.0,0.98,0.15312955965430805
0,MRC1,49.227478,6.5297403,0.0,0.0,0.946,0.057503086535223916
0,FTL,49.18683,3.9649055,0.0,0.0,1.0,0.9519248756032773
0,CD163,48.458004,5.3741255,0.0,0.0,0.964,0.10786037637023457
0,C1QA,47.863102,6.298023,0.0,0.0,0.947,0.1129110703730031
0,C1QC,47.58325,6.015218,0.0,0.0,0.931,0.07078454113509672
0,VSIG4,47.44382,5.5234427,0.0,0.0,0.927,0.06999887762355494
0,CTSZ,47.27484,3.6071544,0.0,0.0,0.987,0.4251936099367728
0,C1QB,47.17742,6.314176,0.0,0.0,0.931,0.10164989337423772
0,HLA-DRA,46.97722,4.41426,0.0,0.0,0.999,0.5036477234464439
0,MS4A7,46.85337,4.761734,0.0,0.0,0.954,0.10037786673650342
0,SLCO2B1,46.224915,5.9255214,0.0,0.0,0.886,0.037973736391185606
0,PSAP,45.67097,3.3255181,0.0,0.0,0.994,0.584832952972427
0,TYROBP,45.338196,4.3746657,0.0,0.0,0.997,0.26166336189157846
0,CTSD,44.939728,3.612866,0.0,0.0,0.99,0.5991619589210221
0,HLA-DPB1,44.816593,3.8688269,0.0,0.0,0.985,0.38269295521717983
0,FCGR2A,44.788235,4.3041697,0.0,0.0,0.931,0.12286280818586554
0,AIF1,44.47325,4.5514774,0.0,0.0,0.988,0.16296905982266452
0,CD74,44.427746,3.5918744,0.0,0.0,1.0,0.640465412099218
1,HLA-DPB1,31.610197,5.385858,2.673954277267519e-219,6.604934460278499e-215,0.9840848806366048,0.3964243930973969
1,HLA-DRA,31.53391,5.170695,2.9799588051638883e-218,3.6803981223176605e-214,0.9946949602122016,0.5149897630886224
1,HLA-DPA1,31.421555,5.080226,1.0274108589279384e-216,8.459358542126335e-213,0.9893899204244032,0.45459198596080724
1,CD74,31.046495,4.3684053,1.272123041895196e-211,7.855677814463309e-208,1.0,0.6486545773618017
1,HLA-DQB1,30.185833,4.574763,3.6346515714023326e-200,1.7955905693041805e-196,0.9761273209549072,0.30981281076338113
1,MS4A6A,29.714558,4.893191,4.9802754356238003e-194,2.0502963922557248e-190,0.9734748010610079,0.12770546943550745
1,RGS1,29.439838,5.507259,1.6986224829183215e-190,5.993953421509352e-187,0.9442970822281167,0.16901871892366188
1,HLA-DQA1,29.40921,5.3885403,4.187440915954756e-190,1.2929247258124805e-186,0.9416445623342176,0.15585697572389587
1,HLA-DRB1,29.396355,4.2757835,6.11365289813262e-190,1.6779260026308206e-186,0.9840848806366048,0.5444208832992103
1,GPR183,28.86961,4.919108,2.875128622396368e-183,7.1018552101812694e-180,0.9416445623342176,0.15870868675051183
1,HLA-DMA,28.422935,3.6801655,1.0530579417588127e-177,2.364689474489494e-174,0.9628647214854111,0.3001243053524422
1,RGS10,28.39401,3.9391832,2.3974994683159514e-177,4.935052863906026e-174,0.9522546419098143,0.2171322023983621
1,HLA-DMB,28.215408,4.1850295,3.7842167385837945e-175,7.190302896904486e-172,0.9310344827586207,0.15040947645510383
1,C1QA,27.956535,5.503249,5.490275892927628e-172,9.686807487943239e-169,0.9310344827586207,0.13212927756653992
1,C1QB,27.457832,5.455636,5.601825074613678e-166,9.22471207786883e-163,0.9098143236074271,0.12083211465340743
1,RGS2,27.202965,3.9462106,5.990863590731269e-163,9.248770097165819e-160,0.9628647214854111,0.33533196841181634
1,CST3,26.973576,2.9745495,3.018413560326688e-160,4.3857549031546773e-157,0.9973474801061007,0.6679584673881251
1,C1QC,26.949625,5.268647,5.762314610082173e-160,7.907496287979987e-157,0.8753315649867374,0.09114507165837964
1,AIF1,26.85108,4.357508,8.19329415817703e-159,1.0651713631638463e-155,0.9814323607427056,0.18185141854343376
1,CAPG,26.724283,3.6360574,2.4582631135756146e-157,3.0360778584215625e-154,0.9363395225464191,0.2589572974553963
10,HPGD,47.12625,6.913333,0.0,0.0,0.9125910509885536,0.12578451882845187
10,HLA-E,46.512764,3.313381,0.0,0.0,0.9719042663891779,0.8278541542139869
10,CLDN5,46.15883,6.067707,0.0,0.0,0.9438085327783559,0.21727435744172147
10,IFI27,44.67308,5.221373,0.0,0.0,0.951092611862643,0.3190750149432158
10,HLA-B,43.05569,2.7871692,0.0,0.0,0.9885535900104059,0.8914375373580394
10,AQP1,42.185368,5.084624,0.0,0.0,0.8813735691987513,0.2124551703526599
10,EDNRB,41.310547,7.215558,0.0,0.0,0.7991675338189386,0.06929916317991631
10,HLA-C,41.142605,2.6836886,0.0,0.0,0.9604578563995838,0.8544530783024507
10,B2M,40.326206,2.1681933,0.0,0.0,0.9968782518210197,0.9860654512851166
10,ITM2B,39.773922,2.2726996,0.0,0.0,0.9344432882414152,0.8600194261805141
10,HLA-A,37.61771,2.3106012,1.103841688683405e-309,2.4787266865607984e-306,0.9469302809573361,0.8716751344889421
10,EMCN,37.44047,5.5166326,8.584013861756596e-307,1.7669477199937474e-303,0.7460978147762747,0.09059324566646743
10,TMEM100,37.33757,4.8289156,4.0343992512669294e-305,7.66566891581111e-302,0.8043704474505723,0.1524581589958159
10,EPAS1,37.281025,3.783268,3.331652379196712e-304,5.878224672752713e-301,0.9001040582726326,0.43331589958158995
10,GNG11,36.815716,4.331649,1.0348431525020395e-296,1.7041107139968588e-293,0.7981269510926119,0.19766138673042438
10,RAMP2,36.695965,4.404512,8.469898012133394e-295,1.3075934424856685e-291,0.7981269510926119,0.1842124925283921
10,CAVIN2,36.310223,3.6658397,1.1160348942640502e-288,1.6215987013656649e-285,0.8241415192507804,0.3817618051404662
10,IL1RL1,36.217323,6.748822,3.2497351778964273e-287,4.459539368289981e-284,0.7096774193548387,0.05308577405857741
10,IFITM3,35.532917,2.8971288,1.525635522573681e-276,1.9834064759522367e-273,0.9261186264308012,0.6600791990436342
10,EGFL7,34.892708,4.209187,9.5902822579791e-267,1.1280455335921035e-263,0.7627471383975026,0.17311715481171547
11,SFTPB,46.151478,6.743135,0.0,0.0,1.0,0.36360597281034096
11,SLC34A2,45.716717,5.61115,0.0,0.0,0.9776951672862454,0.17350122576331625
11,NAPSA,45.417698,6.927323,0.0,0.0,0.966542750929368,0.0928980016343511
11,MUC1,45.270252,4.824087,0.0,0.0,0.9851301115241635,0.216662952232375
11,SFTA2,44.70623,5.0458612,0.0,0.0,0.9888475836431226,0.17918431022955203
11,SFTPD,44.001637,6.605727,0.0,0.0,0.9318463444857497,0.07224574697273606
11,S100A14,43.123535,4.347863,0.0,0.0,0.9702602230483272,0.14144565782631305
11,SFTA3,42.80527,4.1353097,0.0,0.0,0.9702602230483272,0.18445880692370553
11,SLPI,42.772945,5.170484,0.0,0.0,1.0,0.4518237872372038
11,SFTPA2,42.536514,7.0446916,0.0,0.0,0.9219330855018587,0.14029418319589926
11,HOPX,41.556557,3.9630718,0.0,0.0,0.9863692688971499,0.33166183790208753
11,MALL,41.168896,4.2098336,0.0,0.0,0.9281288723667905,0.13048807666592377
11,PIGR,40.92248,4.4685826,0.0,0.0,0.9838909541511772,0.16532947032167
11,PEBP4,40.5819,4.6074715,0.0,0.0,0.9008674101610905,0.09973256073100067
11,NPC2,40.383446,3.2733653,0.0,0.0,0.9938042131350682,0.5931208676918506
11,CTSH,40.226936,3.6270852,0.0,0.0,0.9628252788104089,0.38332961889904166
11,SDC4,39.601017,3.3907397,0.0,0.0,0.9838909541511772,0.2976376197905059
11,C16orf89,39.46858,3.7731473,0.0,0.0,0.9368029739776952,0.1435257410296412
11,FABP5,39.46017,3.9144092,0.0,0.0,0.9739776951672863,0.308260901864646
11,NKX2-1,39.43617,3.6086905,0.0,0.0,0.942998760842627,0.18627887972661764
12,KRT17,59.422485,7.2647233,0.0,0.0,0.9945820433436533,0.11642773385785074
12,S100A2,56.90456,7.471147,0.0,0.0,0.9496904024767802,0.05140522752203351
12,RPLP1,54.82161,1.8273224,0.0,0.0,0.9984520123839009,0.9571055717365813
12,IGFBP2,54.449818,4.5319133,0.0,0.0,0.9953560371517027,0.19688315618262284
12,KRT19,53.892773,4.576808,0.0,0.0,0.9891640866873065,0.27514468358739647
12,AQP3,53.577602,4.6082973,0.0,0.0,0.9512383900928792,0.19885009645572493
12,SERPINF1,52.106567,4.2237387,0.0,0.0,0.9852941176470589,0.23399024095018345
12,KRT15,51.754677,7.4985933,0.0,0.0,0.8653250773993808,0.04546658092824451
12,PERP,51.476032,3.455519,0.0,0.0,0.9837461300309598,0.29394409350531453
12,RPL10A,48.97182,2.0036976,0.0,0.0,0.9953560371517027,0.842039565760109
12,MPZL2,48.727573,3.7493815,0.0,0.0,0.891640866873065,0.15459394031092788
12,SFN,48.35622,4.8631077,0.0,0.0,0.8421052631578947,0.08855013806407686
12,RPL41,48.18846,1.2872005,0.0,0.0,0.9984520123839009,0.9620229224193365
12,ATP1B1,48.070095,3.358707,0.0,0.0,0.9527863777089783,0.29383061618186634
12,CLDN1,47.557755,4.212714,0.0,0.0,0.8537151702786377,0.10107046941786132
12,RPL8,47.50844,1.5044694,0.0,0.0,0.9961300309597523,0.9081968453304081
12,CD9,47.268353,2.9080591,0.0,0.0,0.9907120743034056,0.4735408707493286
12,MGST1,46.790318,3.3740869,0.0,0.0,0.9860681114551083,0.3492832015735522
12,HMGB3,46.74625,3.8778439,0.0,0.0,0.8746130030959752,0.15455611453644513
12,LAMB3,46.64962,3.8711576,0.0,0.0,0.8537151702786377,0.11279645950750841
13,SLPI,31.824286,3.9874992,2.987156633411842e-222,3.41619979375523e-218,0.8890410958904109,0.456387273602726
13,SCGB3A1,31.813969,4.2913547,4.1490625404905434e-222,3.41619979375523e-218,0.8876712328767123,0.6865069076632467
13,SCGB3A2,30.862007,5.3878484,3.865819602210082e-209,1.9097921998838249e-205,0.8328767123287671,0.4849809252194526
13,SFTPB,30.306732,4.470099,9.345771868791704e-202,3.8474985155170645e-198,0.8643835616438356,0.3690877439905182
13,CYB5A,29.780945,3.175322,6.896114854596562e-195,2.4334419003341382e-191,0.8287671232876712,0.5251675987999556
13,WFDC2,27.919739,3.4852087,1.5368619812672586e-171,4.74525347491032e-168,0.7643835616438356,0.3328271417459906
13,MGST1,24.630537,2.8808289,5.949619977494533e-134,1.0497254504578033e-130,0.7109589041095891,0.36997666580243715
13,RPL41,24.559402,0.9221453,3.432119165832214e-133,5.651785034348101e-130,0.9808219178082191,0.963257898440683
13,RPLP1,23.111624,1.0148113,3.537619609464214e-118,4.161082951113122e-115,0.9835616438356164,0.9583688284751287
13,RPS18,22.500046,1.0600935,4.1463452421925037e-112,3.793291623236927e-109,0.9452054794520548,0.9253305677988074
13,RPL8,22.367155,0.90650964,8.22153982669004e-111,6.5509759760990546e-108,0.910958904109589,0.9123300862994925
13,TPT1,22.325344,0.8418429,2.0966833329388482e-110,1.6184429689663277e-107,0.9808219178082191,0.9779621467461758
13,RPS24,22.264442,0.9234562,8.173163160669291e-110,5.93780303622624e-107,0.9438356164383561,0.9264046816548761
13,RPLP0,21.677195,1.1686903,3.367892028428502e-104,1.8486733554269428e-101,0.8589041095890411,0.8388088447720286
13,RPS6,21.479265,0.9935637,2.43320309920139e-102,1.2787776543270966e-99,0.9287671232876712,0.9096262824549057
13,RPL29,21.47576,0.9679348,2.6239979683609217e-102,1.3503202878433984e-99,0.9027397260273973,0.8944775732434534
13,RPL3,21.461271,1.0439897,3.583769279769759e-102,1.8065854077467922e-99,0.915068493150685,0.9054039038482907
13,RPS3A,21.361917,0.9127982,3.02146046831864e-101,1.4352518274603603e-98,0.9260273972602739,0.918848846253565
13,RPL7A,21.258768,0.8899604,2.7350175438142914e-100,1.206386934817086e-97,0.8986301369863013,0.9056261343012704
13,EEF1A1,21.083618,0.81619847,1.1244806442053486e-98,4.7889304125028124e-96,0.9808219178082191,0.9687025445386866
14,S100A9,46.974686,7.6170917,0.0,0.0,0.9608062709966405,0.3724101952600984
14,S100A8,46.8329,8.52019,0.0,0.0,0.9507278835386338,0.2870397972872261
14,NAMPT,41.385498,4.5784254,0.0,0.0,0.8958566629339306,0.5323073483380534
14,SRGN,39.855732,3.9314537,0.0,0.0,0.9272116461366181,0.5409151885526904
14,IFITM2,38.350044,3.8474827,0.0,0.0,0.8812989921612542,0.6906767029363542
14,ACTB,37.646187,1.9235439,3.7771555527408e-310,1.7942215251586676e-307,0.9697648376259799,0.9726114174988821
14,CSF3R,37.44779,6.310372,6.525538056691206e-307,2.9306784643332632e-304,0.7648376259798432,0.11410046206588165
14,S100A12,37.375656,7.0611825,9.714761696529856e-306,4.209900502911999e-303,0.7637178051511758,0.08626471903413326
14,NEAT1,37.298565,2.959278,1.7314800441945352e-304,7.249031961296477e-302,0.9316909294512878,0.8173349232374423
14,ALOX5AP,37.245102,4.802556,1.2718279899108123e-303,5.2359038631311625e-301,0.7984322508398656,0.21597853629452973
14,SAT1,34.647194,2.523842,4.923599812624121e-263,1.5592030637388256e-260,0.9395296752519597,0.8063794902369951
14,SOD2,33.983864,3.4214573,3.857203739560713e-253,1.1762566613690022e-250,0.8174692049272116,0.5322700849605008
14,BCL2A1,33.181847,5.033714,1.9676714159934427e-241,5.651564144936514e-239,0.7021276595744681,0.1421597853629453
14,BASP1,33.05721,4.3705516,1.2255494817367677e-239,3.47957445383677e-237,0.7312430011198209,0.2574154121329557
14,GCA,31.940733,4.985043,7.265909454572076e-224,1.8128811054281296e-221,0.696528555431131,0.21255030555969592
14,H3F3A,31.707048,1.4960798,1.2422736707700634e-220,3.0381586080882514e-218,0.9025755879059351,0.8946191682814131
14,MNDA,31.702055,4.821151,1.4555793418929616e-220,3.5249279729507886e-218,0.6786114221724524,0.13884334476076912
14,CXCL8,31.305428,4.5831485,3.936478422755627e-215,9.087378833690349e-213,0.7256438969764838,0.25499329259204057
14,G0S2,29.411802,4.9931245,3.8798305422136833e-190,7.855384772395097e-188,0.6472564389697648,0.15933820241466687
14,NCF1,27.594336,4.6518564,1.3012391371619618e-167,2.263514642749128e-165,0.6035834266517357,0.13608585482188104
15,FTL,30.033377,3.475244,3.599378791764542e-198,8.890825553537594e-194,0.9955156950672646,0.9529743796503317
15,TMSB4X,27.972643,1.9015918,3.497144244603589e-172,2.879431999531775e-168,0.9955156950672646,0.9748927903822894
15,FTH1,25.358713,2.1007447,7.20262113139936e-142,3.5582388913339117e-138,0.9932735426008968,0.9648132536744493
15,HLA-DRA,23.99122,3.557675,3.4341619079374696e-127,1.4137872214660572e-123,0.8654708520179372,0.5158890151376315
15,C1QA,21.761179,4.707256,5.413803904308528e-105,1.3372637024032496e-101,0.6883408071748879,0.13407616464465053
15,AIF1,21.598137,3.96954,1.8700690853935294e-103,4.199325134391415e-100,0.7085201793721974,0.18429058388007183
15,CD74,21.41255,2.7555003,1.0207334142693015e-101,2.1010946721555015e-98,0.8542600896860987,0.6501484440860609
15,C1QB,21.073818,4.8927846,1.3831412448443806e-98,2.4403551349215036e-95,0.6547085201793722,0.12300700069640436
15,HLA-DPA1,20.79699,3.3403802,4.608411621340659e-96,6.696022085807978e-93,0.7556053811659192,0.4570611736246014
15,TYROBP,19.837124,3.1639936,1.4237591912483037e-87,1.5985579901374704e-84,0.7242152466367713,0.28105413627533626
15,CST3,19.02998,2.0448673,9.62900513889855e-81,9.513842237437324e-78,0.8318385650224215,0.6698310303119158
15,TMSB10,18.55872,1.2163479,6.933836424587148e-77,5.905954949094039e-74,0.9596412556053812,0.9570428471942235
15,HLA-DPB1,18.202398,3.1919158,4.9396306211605495e-74,3.5886416462731393e-71,0.6816143497757847,0.3998827108455815
15,OAZ1,18.183104,1.4598385,7.024282064349833e-74,4.819633090875146e-71,0.804932735426009,0.8113843785507459
15,ACTB,18.08544,1.2352201,4.1504432596482797e-73,2.6978973409624254e-70,0.9798206278026906,0.9724003958508962
15,LYZ,16.900108,3.310161,4.490841948032768e-64,1.9461102975150424e-61,0.6390134529147982,0.21687497709196202
15,FCER1G,16.736868,2.7707155,7.060607615221479e-63,2.956001164467555e-60,0.6457399103139013,0.26664956199831397
15,SH3BGRL3,16.635773,1.8476387,3.8377637976125623e-62,1.481196930700436e-59,0.7982062780269058,0.7521167027086464
15,C1QC,16.622875,4.2764273,4.759360136740633e-62,1.8086300728866213e-59,0.5201793721973094,0.09496756221823113
15,HLA-DRB1,16.095806,2.2804668,2.729937989129451e-58,8.429024783685821e-56,0.7376681614349776,0.5473371696660925
16,SCGB3A2,55.33427,7.561633,0.0,0.0,0.9924874791318865,0.47163695299837927
16,PIGR,55.25523,5.6511574,0.0,0.0,0.996661101836394,0.15268930684859222
16,SFTPB,54.99195,6.6401443,0.0,0.0,0.9991652754590985,0.35426482228336664
16,KLK11,54.22535,5.238727,0.0,0.0,0.9782971619365609,0.10463231691229129
16,CXCL17,53.035152,4.7691073,0.0,0.0,0.9891485809682805,0.1678790848441446
16,C16orf89,52.43669,4.676074,0.0,0.0,0.9607679465776294,0.13075270438355133
16,SLPI,51.161057,4.9307866,0.0,0.0,0.9991652754590985,0.4437827447137311
16,CP,51.04082,4.756545,0.0,0.0,0.9323873121869783,0.10798688326862915
16,WFDC2,50.333908,4.2835226,0.0,0.0,0.998330550918197,0.31465078587312956
16,CYB5A,50.272537,3.7852824,0.0,0.0,0.996661101836394,0.5122309750857488
16,GPRC5A,50.07373,4.1884837,0.0,0.0,0.988313856427379,0.22377596019750481
16,KIAA1324,49.961823,4.445127,0.0,0.0,0.9173622704507512,0.10708228110512232
16,MET,49.96128,4.1776443,0.0,0.0,0.9298831385642737,0.13923334966642795
16,MUC1,49.310406,3.8460546,0.0,0.0,0.986644407345576,0.20526930760242734
16,SCGB3A1,47.83046,4.9734764,0.0,0.0,0.991652754590985,0.6782631638460669
16,SCNN1B,47.748676,4.3184466,0.0,0.0,0.8781302170283807,0.08348724134031887
16,NEDD4L,47.557243,3.3568907,0.0,0.0,0.9699499165275459,0.2508386415890845
16,SDC4,47.26035,3.3331673,0.0,0.0,0.9808013355592654,0.28766348799517544
16,KRT7,47.089027,3.6634905,0.0,0.0,0.9682804674457429,0.2089630997700803
16,MGST1,46.652218,3.5125225,0.0,0.0,0.9891485809682805,0.35140024876559495
17,IGLC3,8.298129,11.700657,1.0576356175637278e-16,8.907366240397795e-13,1.0,0.10773839601530355
17,IGHA1,8.286663,9.519789,1.1646992132455434e-16,8.907366240397795e-13,1.0,0.1986934238071176
17,JCHAIN,8.279953,8.912132,1.232240937005233e-16,8.907366240397795e-13,1.0,0.07207825019851295
17,MSMB,8.261177,9.183,1.4424300620052297e-16,8.907366240397795e-13,1.0,0.011116725618999495
17,BPIFB1,8.175884,8.564241,2.937032465684747e-16,1.4509527786975787e-12,1.0,0.09867898650111889
17,LCN2,8.018486,6.46796,1.0705686450996929e-15,4.407352683767919e-12,1.0,0.1618422002454342
17,APOC1,7.8754845,5.7305307,3.3942506810180184e-15,1.1977340867403725e-11,1.0,0.10979571212011839
17,TFF3,7.6565332,6.3097486,1.9101945613706413e-14,5.897964482552027e-11,0.9565217391304348,0.1273731321735364
17,AGR2,7.4841633,4.5386424,7.200450109843735e-14,1.9762035351472231e-10,1.0,0.22215404605500613
17,IGLC2,7.4154053,4.414578,1.2125343727449597e-13,2.8590947234933993e-10,1.0,0.17111816934959936
17,SAA1,7.4089293,4.919842,1.2732295031953117e-13,2.8590947234933993e-10,0.9565217391304348,0.06670035371399696
17,APOE,7.3870916,4.2803736,1.50075086083412e-13,3.0891705844552997e-10,1.0,0.10802714213527756
17,SCGB1A1,7.328093,4.8079853,2.334504028536391e-13,4.4357372314521074e-10,1.0,0.8523785461632859
17,IFI30,7.2654853,4.0665555,3.717010769900668e-13,6.558134501951172e-10,1.0,0.15343246950119108
17,CEACAM6,7.1919327,3.9184542,6.388053310603157e-13,1.0519420321680573e-09,1.0,0.13462787843788349
17,SCGB3A1,7.0362797,4.3654294,1.9744039523985205e-12,3.048109501762241e-09,1.0,0.6915469573377607
17,WFDC2,7.0052953,4.255452,2.4646586831205134e-12,3.581149066574106e-09,1.0,0.34364397603407204
17,APOD,6.9580364,3.7486997,3.4504835595463235e-12,4.7350219113529855e-09,1.0,0.22110734137010035
17,C1QB,6.934335,4.107467,4.0813576933048354e-12,5.3059798095959335e-09,1.0,0.13083808561322458
17,GSTA1,6.900523,3.6772335,5.181138375928992e-12,6.398964951191102e-09,0.9565217391304348,0.1257489352486826
18,SLPI,34.085667,5.533153,1.202943768039748e-254,2.9713914014349817e-250,1.0,0.4582828616525346
18,PIGR,33.45537,5.0356293,2.1500135782829772e-245,2.655374269858391e-241,0.98559670781893,0.17494402231765957
18,CXCL17,32.4706,4.310717,2.773545661459335e-231,2.283645046123568e-227,0.9876543209876543,0.18936974635686232
18,KLK11,32.130493,3.968921,1.6543473314538183e-226,1.0216008358560192e-222,0.9794238683127572,0.12744558235142972
18,WFDC2,32.105175,4.4817643,3.733505676360822e-226,1.8444264742357733e-222,1.0,0.332489079763609
18,SCGB1A1,31.948107,6.333874,5.739605838635221e-224,2.36290006366881e-220,1.0,0.8498696912968469
18,CP,31.53049,3.9053762,3.319752776263242e-218,1.1714459046639765e-214,0.948559670781893,0.129244209521712
18,STEAP4,31.293951,3.732241,5.639903129758132e-215,1.7413905901019454e-211,0.9711934156378601,0.15152516242704547
18,MUC1,30.679106,3.489585,1.0814975255460458e-206,2.9682300420569866e-203,0.9979423868312757,0.22548911647028594
18,TACSTD2,30.471369,3.70415,6.243584580783872e-204,1.542227827299424e-200,0.9958847736625515,0.279778291671255
18,CEACAM6,30.280067,3.7437072,2.0979598770112975e-201,4.71106426564146e-198,0.9300411522633745,0.12116874059391403
18,LCN2,30.276361,4.8761234,2.3474831772800726e-201,4.8320984968329225e-198,0.9032921810699589,0.1493227618103733
18,KIAA1324,30.249619,3.4158967,5.277749251453728e-201,1.0028129558473735e-197,0.9320987654320988,0.12799618250559777
18,AGR2,29.864939,3.7880511,5.617138478523551e-196,9.910638397000733e-193,0.9609053497942387,0.2096318320302463
18,ELF3,29.38256,3.9247859,9.173963521236382e-190,1.5107071529203993e-186,0.9979423868312757,0.2896523877693352
18,MET,29.232939,3.0684276,7.3994788247403e-188,1.1423407903119386e-184,0.9403292181069959,0.15971075138567706
18,KRT7,29.133427,3.3171341,1.3548292872914363e-186,1.968566954434457e-183,0.9814814814814815,0.22857247733362698
18,AKR1C1,29.085184,3.291234,5.527040379737496e-186,7.584634689994216e-183,0.9279835390946503,0.18907609294130603
18,EPHA2,28.953747,3.1793752,2.517433733382181e-184,3.2727963499091186e-181,0.9176954732510288,0.17112652791542782
18,S100A14,28.858198,3.0759466,3.998338517515847e-183,4.852936250660971e-180,0.9444444444444444,0.15167198913482363
19,CTSS,76.348434,4.845564,0.0,0.0,0.993217465027554,0.3535277887268427
19,LYZ,75.66767,6.557099,0.0,0.0,0.9953370072064434,0.15191170674024437
19,THBS1,74.16479,5.6090865,0.0,0.0,0.9673590504451038,0.22329523058730785
19,AIF1,73.52241,5.63779,0.0,0.0,0.986858838490886,0.118880567599527
19,COTL1,73.451324,4.572365,0.0,0.0,0.9906740144128868,0.25880961765865196
19,C5AR1,72.15716,5.2924337,0.0,0.0,0.9516744383213226,0.1311785573512022
19,FTL,71.818596,3.3005855,0.0,0.0,0.9995760915642221,0.9493890421757982
19,LST1,71.02808,5.1121407,0.0,0.0,0.9499788045782112,0.1083957430035475
19,CYBB,70.410324,5.3785834,0.0,0.0,0.9279355659177617,0.07485218762317698
19,TYROBP,69.715,4.654256,0.0,0.0,0.9906740144128868,0.22286164761529365
19,LAPTM5,69.1732,4.003881,0.0,0.0,0.9889783806697753,0.29499408750492706
19,PLAUR,68.98331,4.65728,0.0,0.0,0.9364137346333192,0.17627118644067796
19,NAMPT,68.209885,3.4756765,0.0,0.0,0.9843153878762188,0.5030744974379188
19,FCN1,68.09819,6.885433,0.0,0.0,0.864349300551081,0.0290894757587702
19,SAT1,68.0879,2.798358,0.0,0.0,0.9995760915642221,0.7931020890815924
19,FTH1,67.36023,2.3124902,0.0,0.0,1.0,0.9620417816318486
19,SRGN,67.21548,3.7686892,0.0,0.0,0.9987282746926663,0.5119432400473
19,PSAP,66.88972,3.155244,0.0,0.0,0.9758372191606614,0.5646038628301143
19,CLEC7A,66.16184,4.777143,0.0,0.0,0.8868164476473082,0.08667717776901852
19,FCER1G,66.078224,4.2802534,0.0,0.0,0.9813480288257737,0.2068584942845881
2,EPAS1,54.68913,5.4426975,0.0,0.0,0.9974424552429667,0.4252899533062208
2,FCN3,54.561455,6.995465,0.0,0.0,0.9829497016197783,0.14463774664859166
2,PECAM1,51.314713,4.9471045,0.0,0.0,0.9701619778346121,0.2513932821208013
2,TMEM100,51.30214,5.819409,0.0,0.0,0.9514066496163683,0.14075915047446905
2,IFI27,50.453938,5.200804,0.0,0.0,0.9778346121057119,0.31284832053020034
2,CLDN5,49.632435,5.3847494,0.0,0.0,0.969309462915601,0.21034794396746498
2,CALCRL,49.24174,5.4065924,0.0,0.0,0.9164535379369139,0.1353743033589396
2,BTNL9,49.12845,6.1783676,0.0,0.0,0.8857630008525149,0.06326253953908721
2,SPARC,49.08676,4.5180087,0.0,0.0,0.9556692242114238,0.2698071998794999
2,CD93,48.673153,5.0135374,0.0,0.0,0.9045183290707587,0.17261635788522367
2,SLC9A3R2,48.504623,4.514259,0.0,0.0,0.9394714407502132,0.33600692875433047
2,HYAL2,47.865437,5.024482,0.0,0.0,0.9173060528559249,0.23343123964452478
2,AQP1,47.65332,4.8181305,0.0,0.0,0.9300937766410913,0.20496309685193553
2,RAMP2,47.429417,4.809915,0.0,0.0,0.9164535379369139,0.17408495255309533
2,ADGRF5,47.24942,4.4296145,0.0,0.0,0.8942881500426257,0.23971983732489832
2,EGFL7,46.972973,4.7065954,0.0,0.0,0.9062233589087809,0.16207260129537582
2,SLCO2A1,46.748585,5.009412,0.0,0.0,0.886615515771526,0.11443741527338455
2,TIMP3,46.52371,4.4645624,0.0,0.0,0.9650468883205456,0.3437641211025757
2,HLA-B,46.426666,2.527426,0.0,0.0,0.9974424552429667,0.8902696189185119
2,VIPR1,46.376442,5.263708,0.0,0.0,0.8584825234441603,0.10487272179545112
20,CD37,31.499928,4.354121,8.706106281422297e-218,2.1504953125741218e-213,0.9473684210526315,0.2661585812692364
20,CD79A,30.692722,10.082192,7.11822000537206e-207,8.791357617634764e-203,0.8558352402745996,0.005093067565586985
20,RPS27,30.493828,1.9383367,3.1462206736019098e-204,2.590493228621359e-200,0.9977116704805492,0.9387732668913967
20,RPL21,30.460075,1.7479261,8.811042480959469e-204,5.441039008054497e-200,1.0,0.918437637402902
20,MS4A1,30.447163,10.211997,1.3061048689912307e-203,6.452419273790478e-200,0.8489702517162472,0.0034442327421955153
20,CD74,29.002878,3.416136,6.052190076047198e-185,2.491585784474031e-181,0.9977116704805492,0.6479188040451415
20,RPL18A,28.980883,1.7803555,1.1459971998487831e-184,4.0438966904949704e-181,0.9977116704805492,0.9066759489960428
20,HLA-DRA,28.565928,3.8333373,1.7814029115152137e-179,5.5003041646671624e-176,0.9908466819221968,0.5139967756119009
20,RPLP2,28.478168,1.6222227,2.1834914474913345e-178,5.992713582720383e-175,0.9977116704805492,0.9010332698226586
20,RPL39,28.424765,1.702438,9.996740034807928e-178,2.4692947559979066e-174,0.9977116704805492,0.910559871024476
20,RPL13,28.184301,1.5717407,9.108100696181044e-175,1.874826627469733e-171,1.0,0.9503883922028433
20,RPS8,27.920431,1.5815477,1.5074193033466675e-171,2.8642126316896954e-168,0.9977116704805492,0.9179613073428111
20,RPS23,27.750841,1.7230369,1.7021981493788137e-169,3.00328546341472e-166,1.0,0.9136743368019933
20,RPL30,27.392515,1.696156,3.3676501236475033e-165,5.5456217136144655e-162,1.0,0.9164956763886853
20,RPL11,27.388603,1.5313524,3.749111235110704e-165,5.787924788654344e-162,0.9977116704805492,0.9283306463432508
20,RPS21,27.346418,1.8621407,1.1911571250582786e-164,1.7307513027096788e-161,0.9908466819221968,0.8326249450388392
20,RPL13A,26.95831,1.6095595,4.5583523282274934e-160,6.255325603308185e-157,0.9977116704805492,0.8953905906492745
20,RPS27A,26.899553,1.5684984,2.2227471728717547e-159,2.8896883114265905e-156,0.9977116704805492,0.9298329180712297
20,RPS11,26.830301,1.5772185,1.4322121394047863e-158,1.7688536027718814e-155,0.9954233409610984,0.8827861644437931
20,RPS29,26.720442,1.9439843,2.7243626352274228e-157,3.2044991167977416e-154,0.9977116704805492,0.890663930822219
21,STMN1,25.882715,4.70675,1.0425509620709216e-147,2.5752051314113837e-143,0.9572953736654805,0.30956718157971436
21,H2AFZ,24.99313,3.1856763,7.260959272295166e-138,8.967647749248146e-134,0.9822064056939501,0.6166205187991839
21,TYMS,24.342619,6.4847403,6.940821225542441e-131,5.714840836404128e-127,0.8612099644128114,0.0388006412124745
21,PCLAF,23.942299,6.4105144,1.1114921520294344e-126,6.863741911819765e-123,0.8469750889679716,0.032060623724861556
21,TUBA1B,23.922997,3.0604138,1.765573607554041e-126,8.722286736038474e-123,0.9750889679715302,0.7077747012532789
21,HMGB1,23.785486,2.1128583,4.720046443726038e-125,1.943164453441281e-121,0.9893238434163701,0.8370373069076071
21,HMGN2,23.510704,2.913672,3.1700118735557837e-122,1.1186066184100203e-118,0.9679715302491103,0.59374089186826
21,TUBB,22.620008,3.1784258,2.754271673753962e-113,8.504158076674577e-110,0.9430604982206405,0.4839332556106091
21,HMGB2,22.523891,3.3994095,2.4214447262558095e-112,6.645789575916083e-109,0.9323843416370107,0.42600553774409794
21,NUSAP1,21.944712,6.440622,9.728240155638212e-107,2.402972600844195e-103,0.7758007117437722,0.028162343340134073
21,TK1,21.829021,6.1031656,1.2302460228972508e-105,2.7625733646895446e-102,0.7758007117437722,0.03162343340134072
21,PTMA,21.567385,1.4099964,3.636818694650656e-103,7.486088214713822e-100,0.99644128113879,0.9413071990673273
21,CKS1B,21.454227,3.8068757,4.169861464772431e-102,7.923057541641832e-99,0.8256227758007118,0.1734916933838531
21,DUT,20.977535,3.0481474,1.0520670694268041e-97,1.8562220487079636e-94,0.900355871886121,0.38563829787234044
21,DTYMK,20.968637,3.7654517,1.2684696582348509e-97,2.0888312685372703e-94,0.8078291814946619,0.12594724570096183
21,MKI67,20.952375,7.512385,1.7850346032948077e-97,2.7557587334990653e-94,0.7330960854092526,0.010018944914019237
21,SMC4,20.790968,3.7340071,5.2247094055177846e-96,7.591502766217341e-93,0.8149466192170819,0.18824686680268143
21,TOP2A,20.768972,7.076143,8.260806083105536e-96,1.1336120614377214e-92,0.7295373665480427,0.017924803264354416
21,BIRC5,20.518305,7.0734086,1.4777816912927468e-93,1.9211939766643232e-90,0.7188612099644128,0.012022733896823084
21,H2AFV,20.189594,2.4525168,1.2085406555214516e-90,1.4926081366017688e-87,0.9074733096085409,0.47420577091227045
22,TPSB2,38.862293,12.733875,0.0,0.0,1.0,0.012455908289241622
22,TPSAB1,38.632298,13.09582,0.0,0.0,0.9941520467836257,0.007164902998236331
22,CPA3,38.555717,12.648473,0.0,0.0,0.9922027290448343,0.003747795414462081
22,HPGDS,37.12853,9.752539,9.736890321603456e-302,6.012773195848175e-298,0.9571150097465887,0.009883891828336273
22,KIT,34.745277,9.35808,1.6332858318848744e-264,8.068758666677656e-261,0.8966861598440545,0.009002057613168725
22,RHEX,34.60492,11.474352,2.1307281368908013e-262,8.77185261822328e-259,0.8908382066276803,0.0021310993533215756
22,ALOX5AP,34.350384,4.6844306,1.3899099250128862e-258,4.904595008249043e-255,0.9746588693957114,0.22078924162257496
22,MS4A2,33.915874,11.536033,3.8867462211540424e-252,1.200081480109075e-248,0.8732943469785575,0.0019106407995296885
22,CD69,33.641098,5.098857,4.207652063425589e-248,1.1548134846519497e-244,0.9746588693957114,0.23989564961787185
22,AREG,33.579285,5.281938,3.366010184405753e-247,8.314381756500651e-244,0.9688109161793372,0.37702087007642565
22,RGS1,32.839844,4.9017158,1.590466041564808e-236,3.5714637902447565e-233,0.9395711500974658,0.1652336860670194
22,VIM,32.087074,3.0589793,6.677919716534211e-226,1.3745941243175962e-222,0.9961013645224172,0.7720458553791887
22,SRGN,31.993952,3.715679,1.3235093539099376e-224,2.514769580840721e-221,0.9961013645224172,0.5450102880658436
22,LTC4S,31.030571,4.978928,2.086475893609083e-211,3.6812886462884264e-208,0.847953216374269,0.12202380952380952
22,IL1RL1,30.962467,4.8398123,1.726500044758443e-210,2.8430851737052198e-207,0.8654970760233918,0.06095679012345679
22,RGS2,30.50496,3.8584332,2.2396752559447884e-204,3.319345109098029e-201,0.9454191033138402,0.3325249853027631
22,GATA2,30.50431,4.751442,2.2844770193379414e-204,3.319345109098029e-201,0.8576998050682261,0.11169900058788948
22,VWA5A,30.440367,5.7815304,1.6066425075250676e-203,2.2047598099098163e-200,0.8050682261208577,0.0821575543797766
22,SAMSN1,29.455254,3.7405949,1.078310195773414e-190,1.401860007673637e-187,0.8888888888888888,0.2013154027042916
22,SLC18A2,29.275774,10.168042,2.1102520506863758e-188,2.6062667952002085e-185,0.7543859649122807,0.0027189888300999413
23,CCL21,23.177593,11.1421,7.662825057785805e-119,1.8927944175236718e-114,0.9414634146341463,0.027139950588577242
23,IGFBP7,23.064993,5.103414,1.040318411390792e-117,1.2848452539881977e-113,0.9902439024390244,0.4939325679407063
23,MMRN1,22.987072,8.610474,6.278273903885826e-117,5.1693214566627926e-113,0.9365853658536586,0.03295305914837959
23,GNG11,22.663727,5.457115,1.0216109880495835e-113,6.308703253953191e-110,0.9707317073170731,0.21286876907426247
23,TFF3,22.12067,6.994105,1.9993716518708078e-108,9.877295834572165e-105,0.9170731707317074,0.12218427554134574
23,PPFIBP1,21.77847,5.4349384,3.712779692308852e-105,1.528489519662016e-101,0.9170731707317074,0.17457491643656445
23,TFPI,21.363369,4.4759607,2.929053288939531e-101,1.0335792184299337e-97,0.9512195121951219,0.38043162331056535
23,AKAP12,19.92251,4.9453254,2.596439118391023e-88,8.016830332922084e-85,0.8731707317073171,0.14510972242406628
23,NRP2,19.88895,4.9808097,5.072501179687225e-88,1.3921761293272684e-84,0.848780487804878,0.16570992588286587
23,APP,19.577353,3.4945831,2.412359847413159e-85,5.958770059095244e-82,0.9073170731707317,0.4591629123673885
23,GYPC,19.035488,3.504224,8.668190367077173e-81,1.946481547792484e-77,0.9121951219512195,0.33345443976166256
23,CAVIN2,18.981016,3.6509936,2.4481744030239383e-80,5.039362994091192e-77,0.9219512195121952,0.39318413021363174
23,TGFBR2,18.932346,3.3562613,6.175068342143378e-80,1.1733104855329507e-76,0.8975609756097561,0.4206147362301991
23,NR2F2,18.907185,3.8788798,9.952984993510635e-80,1.7560620166050444e-76,0.8682926829268293,0.24683912222060747
23,S100A10,18.769583,2.3446476,1.3393527273487879e-78,2.2055567812161607e-75,0.9609756097560975,0.8115099549484086
23,SNCG,18.270344,5.849617,1.4254862167995316e-74,2.200683440072827e-71,0.7658536585365854,0.061618950733904956
23,MRC1,18.260466,4.621078,1.7082780068235533e-74,2.4821279439146232e-71,0.8195121951219512,0.08410841447464032
23,ECSCR,18.163555,4.5700846,1.0031418064257471e-73,1.37658920891791e-70,0.8048780487804879,0.10390931550646708
23,ADIRF,18.132408,3.5239482,1.7684164069762443e-73,2.2990344036168532e-70,0.9073170731707317,0.39114954221770093
23,VIM,18.091003,2.7435813,3.7519858447785784e-73,4.6338901175937835e-70,0.9853658536585366,0.7746330475221624
24,DNAAF1,76.35806,6.8289266,0.0,0.0,0.9841129744042365,0.05619919098299493
24,CAPS,76.26151,6.411143,0.0,0.0,0.997793468667255,0.22640694340808232
24,LRRIQ1,76.253235,6.823801,0.0,0.0,0.9819064430714917,0.04767702156069591
24,TPPP3,76.07056,6.540508,0.0,0.0,0.9938217122683142,0.12732199662255037
24,RSPH1,75.68021,6.4928503,0.0,0.0,0.9898499558693733,0.08192278993048738
24,CETN2,74.921,5.8305917,0.0,0.0,0.9819064430714917,0.21332914424851745
24,PIFO,74.84468,6.218996,0.0,0.0,0.9810238305383936,0.07960570239170561
24,TSPAN1,74.826645,5.771571,0.0,0.0,0.9823477493380406,0.14648705965518596
24,DNAH12,74.799034,6.6574607,0.0,0.0,0.9673433362753752,0.04198248438911362
24,C20orf85,74.577576,6.45579,0.0,0.0,0.9810238305383936,0.08973805129010722
24,C9orf24,74.30143,6.4609528,0.0,0.0,0.9770520741394528,0.09170168479754938
24,C11orf88,74.002304,6.3621507,0.0,0.0,0.9713150926743159,0.07049444291717394
24,CDHR3,73.83746,6.518271,0.0,0.0,0.9532215357458076,0.04237521109060205
24,AGR3,73.676254,5.3293056,0.0,0.0,0.9827890556045896,0.1757451989160743
24,STK33,73.57664,6.1192923,0.0,0.0,0.9541041482789056,0.05941954993520009
24,ZMYND10,73.565636,6.1033072,0.0,0.0,0.9624889673433362,0.058516278521776696
24,CEP126,73.52381,5.522507,0.0,0.0,0.9620476610767873,0.10324784982130936
24,RP1,73.4431,6.560032,0.0,0.0,0.9492497793468667,0.05647409967403684
24,FAM183A,73.40606,6.2892985,0.0,0.0,0.9638128861429832,0.06271845422770295
24,ODF3B,73.26722,4.9776525,0.0,0.0,0.9788172992056487,0.21332914424851745
25,CAPS,34.608097,6.0473614,1.9085477688218654e-262,4.71430384376689e-258,0.9792099792099792,0.2772680563711098
25,C20orf85,31.263601,5.7748203,1.4587474929403511e-214,1.8016260911559807e-210,0.8835758835758836,0.1498458602466236
25,GSTP1,31.055124,3.263847,9.728401521686124e-212,8.010041532905632e-208,0.9667359667359667,0.7691940692894892
25,C9orf24,30.867224,5.6396627,3.2903750251509375e-209,2.0318888374063326e-205,0.8773388773388774,0.15146065766294775
25,PRDX5,29.768158,3.588659,1.0095951977144186e-194,4.987602195748771e-191,0.9168399168399168,0.6256238990017616
25,TPPP3,29.227982,5.1002426,8.554744966391923e-188,3.5218459235807813e-184,0.8648648648648649,0.1863623018203171
25,DYNLL1,28.964785,3.2010558,1.8279972269859395e-184,6.450479929111385e-181,0.9085239085239085,0.700014679976512
25,RSPH1,28.55907,5.059237,2.1673354145679148e-179,6.691919009405258e-176,0.8295218295218295,0.14423076923076922
25,C11orf88,26.100132,4.8539534,3.633207618410454e-150,9.971540153595181e-147,0.760914760914761,0.13322078684674105
25,FAM183A,25.986109,4.8584733,7.109431299527507e-149,1.7561006252962895e-145,0.7505197505197505,0.12551379917792133
25,CETN2,25.56571,4.344574,3.672666654595598e-144,8.247139912287805e-141,0.7920997920997921,0.2670287727539636
25,C1orf194,25.157017,5.027927,1.184228417631891e-139,2.250125087994257e-136,0.7214137214137214,0.1207428068115091
25,PIFO,24.479555,4.5697145,2.4390778418808503e-132,4.3034044123070635e-129,0.7214137214137214,0.1432398708162067
25,CALM1,24.105766,1.7742109,2.174815343427181e-128,3.357507112374675e-125,0.9085239085239085,0.8772386964180857
25,TUBB4B,24.093945,2.8665795,2.893183247507515e-128,4.203795258628419e-125,0.83991683991684,0.6444142689371697
25,SNTN,23.792524,4.7102547,3.99123094457683e-125,5.477077531221794e-122,0.6943866943866944,0.11942160892542572
25,MORN2,23.186348,4.354993,6.252997300763486e-119,8.129225596113625e-116,0.6985446985446986,0.21025396359365825
25,ODF3B,22.825672,3.809138,2.5499191188957867e-115,3.1492776077922414e-112,0.7214137214137214,0.26801967116852615
25,C9orf116,22.606028,4.47787,3.780681157063075e-113,4.4469812028864294e-110,0.6632016632016632,0.13189958896065768
25,C5orf49,22.460758,4.5284896,1.0046129966041901e-111,1.1279520740509137e-108,0.656964656964657,0.12448620082207869
26,AGER,41.643173,8.933145,0.0,0.0,0.9502262443438914,0.06251385502105963
26,EMP2,40.197105,5.30669,0.0,0.0,0.9457013574660633,0.4568462277395995
26,CAV1,37.239983,4.524889,1.53913244476773e-303,1.2672703506069234e-299,0.9306184012066365,0.4149486440552723
26,HOPX,37.056107,4.7921696,1.43191565042386e-300,8.842437120279942e-297,0.9079939668174962,0.3370649523387276
26,S100A10,35.541042,2.9286468,1.1426040449781547e-276,5.6446925030010796e-273,0.9562594268476622,0.8090962831596837
26,GPRC5A,35.11512,4.847727,3.962880696109466e-270,1.6314519345766652e-266,0.8597285067873304,0.2420379812310648
26,KRT7,33.92323,4.887765,3.028256160378812e-252,1.0685850773931007e-248,0.8386123680241327,0.22714845193231362
26,CD55,33.359074,3.4216602,5.380637340039794e-244,1.6613390367040368e-240,0.8733031674208145,0.5445577477277765
26,MYL9,32.82874,4.458704,2.2910027840684028e-236,6.28778441880818e-233,0.8431372549019608,0.263504027192788
26,LMO7,32.758957,4.624033,2.263553499856832e-235,5.591203499996361e-232,0.8054298642533937,0.2632454001330082
26,RAB11FIP1,32.48775,3.9231484,1.588203243102222e-231,3.566382573442544e-228,0.8250377073906485,0.38232468780019213
26,ANXA2,32.261734,2.409105,2.408612756705173e-228,4.9579286419478735e-225,0.918552036199095,0.7305475504322767
26,CEACAM6,32.114433,5.5490093,2.7725169553138077e-226,5.267995485631259e-223,0.7722473604826546,0.11974432867804626
26,CLDN18,32.028652,6.7246428,4.353422909877453e-225,7.680992806920212e-222,0.7450980392156863,0.04422522722234538
26,SFTA2,31.653475,4.4498444,6.792807421757708e-220,1.1185942408322477e-216,0.8009049773755657,0.18809576590556418
26,SLC39A8,31.645844,5.742354,8.650634329167246e-220,1.3354957410297509e-216,0.751131221719457,0.11394369319441365
26,RNASE1,31.619394,3.716375,1.99878765315146e-219,2.9042384600290716e-216,0.8778280542986425,0.37645015887090816
26,AQP4,31.438215,5.197701,6.082838660878607e-217,8.34734432013125e-214,0.7586726998491704,0.147602157688613
26,TSPAN13,30.999119,4.819346,5.540007998762935e-211,7.202301977760171e-208,0.7601809954751131,0.19493090962831597
26,KRT19,30.770147,3.8792245,6.57524351487208e-208,8.120754503042762e-205,0.8310708898944194,0.29561072932830856
27,VWF,56.32231,6.635621,0.0,0.0,0.9894651539708266,0.10337799584827326
27,LIFR,54.78302,5.6985817,0.0,0.0,0.9667747163695299,0.16739007359879224
27,HSPG2,53.875195,5.3615346,0.0,0.0,0.9408427876823339,0.1416116248348745
27,NUAK1,52.86348,6.6278467,0.0,0.0,0.9051863857374393,0.05952066427627854
27,PRSS23,52.696556,5.238942,0.0,0.0,0.9481361426256077,0.15097188148707302
27,ACKR1,52.57957,7.7584667,0.0,0.0,0.899513776337115,0.027929798075108512
27,SPARCL1,51.61919,5.0599155,0.0,0.0,0.9918962722852512,0.32779769767880734
27,ENG,51.063553,4.3664827,0.0,0.0,0.9708265802269044,0.20943574259294206
27,MKL2,50.835926,4.8225183,0.0,0.0,0.9051863857374393,0.1334214002642008
27,CLEC14A,50.217693,4.635999,0.0,0.0,0.9505672609400324,0.10024532930741649
27,GSN,49.897903,3.6082892,0.0,0.0,0.979740680713128,0.4957161728628043
27,NPDC1,49.754932,4.2691436,0.0,0.0,0.9408427876823339,0.19218720513304396
27,SLCO2A1,49.702477,4.8690076,0.0,0.0,0.93354943273906,0.11047367427816569
27,PTPRB,48.862057,4.590725,0.0,0.0,0.9124797406807131,0.07624080015097189
27,CALCRL,48.57402,4.3319926,0.0,0.0,0.9497568881685575,0.13202491036044536
27,EMCN,48.504173,4.494436,0.0,0.0,0.9051863857374393,0.07642951500283073
27,PECAM1,48.50284,4.153231,0.0,0.0,0.9878444084278768,0.24891488960181166
27,NOSTRIN,48.048946,4.796986,0.0,0.0,0.873581847649919,0.07363653519531987
27,IL6ST,47.887413,3.2746613,0.0,0.0,0.9643435980551054,0.4517456123796943
27,ADGRL4,47.74532,4.7963295,0.0,0.0,0.8687196110210696,0.059030005661445555
28,TPM2,41.796257,7.3854733,0.0,0.0,0.9164420485175202,0.15288842776151482
28,MYL9,41.0713,6.2102556,0.0,0.0,0.9191374663072777,0.2597176418275466
28,TAGLN,40.73705,7.9659595,0.0,0.0,0.9002695417789758,0.17304628154296514
28,PPP1R14A,39.745518,6.2149205,0.0,0.0,0.8840970350404312,0.11023826286730648
28,ACTA2,39.128826,8.173343,0.0,0.0,0.8557951482479784,0.08563382369288917
28,CALD1,39.072136,5.1248302,0.0,0.0,0.8935309973045822,0.2688701967614036
28,IGFBP7,36.15549,4.0819197,3.050056047637685e-286,1.0762776347528353e-282,0.9150943396226415,0.48612294808611556
28,TPM1,34.846428,4.8255916,4.82281600881046e-266,1.4891047279203398e-262,0.8355795148247979,0.36858487419868824
28,LGALS1,33.13194,2.9125538,1.0309432258627855e-240,2.829480958004074e-237,0.9433962264150944,0.6300811501834217
28,MYL6,33.07143,1.82964,7.654532622279483e-240,1.8907461030292552e-236,0.9649595687331537,0.9093267128617483
28,SPARCL1,31.481478,4.1035185,1.5574390882407802e-217,3.4973002653305012e-214,0.8746630727762803,0.34312817282395225
28,NEXN,29.104834,5.259233,3.118313148009609e-186,6.418787755748779e-183,0.6644204851752021,0.08059436024752659
28,DSTN,29.016808,2.6556892,4.0384056420477417e-185,7.673281366478559e-182,0.8773584905660378,0.6603549857338719
28,MYH11,28.464968,6.7296724,3.181221242647842e-178,5.612810422474597e-175,0.6293800539083558,0.037499536814021565
28,GPX3,27.35305,3.2484703,9.933291909668451e-165,1.6357482897381362e-161,0.7776280323450134,0.2959202579019528
28,BGN,27.02331,4.3826637,7.867151340888968e-161,1.214540657945615e-157,0.6522911051212938,0.09645384814910883
28,CST3,26.555517,2.122283,2.217726000634363e-155,3.2223558789217292e-152,0.9043126684636119,0.6660614369881795
28,HSPB1,26.151728,2.3714936,9.419356797483603e-151,1.2925974014146804e-147,0.7964959568733153,0.5511913143365325
28,MYLK,26.133997,4.099731,1.4983729882727838e-150,1.947963746490844e-147,0.6509433962264151,0.16367139733945973
28,COL6A2,25.897568,3.6168818,7.093263656954314e-148,8.760535279521426e-145,0.6778975741239892,0.15978063512061363
29,SEC11C,9.491308,5.7572536,2.281517350845435e-21,5.63557600832331e-17,1.0,0.3319734276843093
29,PCSK1N,8.097586,6.274318,5.606042861092237e-16,6.923743235591968e-12,0.8709677419354839,0.097624377211351
29,TFF3,7.4931164,5.2573442,6.725711783309961e-14,4.5472555614863204e-10,0.8387096774193549,0.12726550653476784
29,EPCAM,7.4812183,3.542179,7.363678493156261e-14,4.5472555614863204e-10,0.9354838709677419,0.24564950537944977
29,CD24,7.4147334,4.2989645,1.2186968875642622e-13,6.020606363944969e-10,0.8709677419354839,0.15863961296844536
29,BEX2,7.277229,4.0375676,3.407466297118047e-13,1.402797083418548e-09,0.8387096774193549,0.134738970322767
29,SPINT2,7.1287355,2.9503658,1.0129524068411082e-12,2.8917339752760363e-09,0.9354838709677419,0.3653332370568272
29,SCG2,7.1272426,9.523538,1.0239959426977442e-12,2.8917339752760363e-09,0.7419354838709677,0.004837894432811033
29,TMEM61,7.123314,5.0914598,1.053625593193973e-12,2.8917339752760363e-09,0.7741935483870968,0.042169109683009603
29,BEX1,7.102346,8.167481,1.226568735034276e-12,3.029747432408165e-09,0.7419354838709677,0.008484367102317857
29,PROX1,7.026286,6.2366595,2.1210321179190314e-12,4.7628740313379995e-09,0.7419354838709677,0.013502779984114376
29,SCGN,6.837394,12.584722,8.06465154550194e-12,1.6600413152120284e-08,0.7096774193548387,0.00043324427756516714
29,PCLO,6.733643,4.582566,1.6546682235749985e-11,3.1439969069635415e-08,0.7419354838709677,0.05791031843454401
29,IGFBP5,6.6136045,3.5332975,3.750730600148389e-11,6.617628325304669e-08,0.8387096774193549,0.19611524297783234
29,HEPACAM2,6.522268,11.159107,6.925219866269923e-11,1.0691240994795836e-07,0.6774193548387096,0.0012636291428984043
29,SCG5,6.511986,10.256746,7.4163687915311e-11,1.0775983854094689e-07,0.6774193548387096,0.00382699111849231
29,MSI2,6.472205,2.5122404,9.658295278491843e-11,1.3253863981890392e-07,0.9032258064516129,0.2738825908007798
29,TPD52,6.3787694,3.3783906,1.785166664885029e-10,2.3208106204907948e-07,0.7741935483870968,0.1595783089031699
29,CPE,6.278767,4.726606,3.4126828369864814e-10,4.214833937820154e-07,0.7096774193548387,0.08080005776590368
29,CHGA,6.216447,12.877719,5.085388508961556e-10,5.843776773687647e-07,0.6451612903225806,0.00025272582857968086
3,EPAS1,25.818438,4.6782284,5.505646372932067e-147,1.3599497105779498e-142,0.9713375796178344,0.44351632318074047
3,PTPRB,25.304077,5.703383,2.88064763863742e-141,3.557743866099146e-137,0.8726114649681529,0.1047601677913551
3,CLDN5,24.406271,4.842324,1.4671567883796694e-131,1.2080079943255405e-127,0.9522292993630573,0.23432427503191683
3,TFPI,24.075092,4.0482974,4.5593334963665174e-128,2.815502417343734e-124,0.9012738853503185,0.3787342695604596
3,DKK2,23.960312,10.400224,7.214461382865386e-127,3.564088212363158e-123,0.7866242038216561,0.003611161772752143
3,GJA5,23.681273,6.1214213,5.623635453425231e-124,2.3151569889176105e-120,0.8057324840764332,0.0486230165967536
3,EFNB2,23.30188,4.886663,4.2428511407754246e-120,1.4971809432613395e-116,0.8280254777070064,0.18905708553711473
3,FAM107A,23.287172,5.003554,5.9804364282436055e-120,1.8465345026755664e-116,0.821656050955414,0.13295641072405617
3,TMEM100,23.047623,4.7215242,1.553881847299519e-117,4.264715056682824e-114,0.8757961783439491,0.16702535108517236
3,CALCRL,22.982574,4.68251,6.96345717019108e-117,1.7200435556088987e-113,0.8503184713375797,0.16060550793361297
3,CLEC14A,22.856493,4.7325177,1.259485585357441e-115,2.8282321312649224e-112,0.8248407643312102,0.13022068210833485
3,IFI27,22.577785,4.1284356,7.164893927146528e-113,1.4748337074537198e-109,0.9394904458598726,0.3341236549334306
3,IFITM3,22.540474,3.056912,1.6652621736503911e-112,3.164126227026024e-109,0.9745222929936306,0.6658033923034835
3,ID1,21.949015,3.5028114,8.849718396318155e-107,1.5614063864818197e-103,0.9203821656050956,0.4875797920846252
3,IL33,21.513973,4.5211334,1.1520176771167644e-102,1.8970659094974133e-99,0.7738853503184714,0.1358380448659493
3,PECAM1,21.453444,3.8473246,4.240593524455942e-102,6.54668129047414e-99,0.8662420382165605,0.275104869596936
3,VWF,21.375992,4.4342327,2.2352525490646505e-101,3.247821953790937e-98,0.8248407643312102,0.13499908809046143
3,CD93,20.979357,3.977531,1.0125417576754526e-97,1.3894885531300753e-94,0.8057324840764332,0.19668064927959147
3,TIMP3,20.41518,3.638146,1.22576630145131e-92,1.593560705902569e-89,0.9012738853503185,0.3639613350355645
3,SMAD6,20.372505,4.431728,2.9328399708424215e-92,3.622204005988933e-89,0.7484076433121019,0.11701623198978661
30,NCOA7,22.086777,3.9593713,4.235603858329193e-108,1.046236509045894e-103,0.9954954954954955,0.37470462064201837
30,ELF3,21.777021,4.406592,3.831857579318778e-105,4.732535703337657e-101,1.0,0.29643363507470827
30,ZMYND10,21.44322,3.891951,5.282844104508111e-102,4.349717740848495e-98,0.9954954954954955,0.12542261969680446
30,SOX4,21.38878,3.559059,1.6994487031097568e-101,1.0494520603878526e-97,1.0,0.428981713745592
30,CCDC170,21.365816,3.7535627,2.779575103833419e-101,1.3731656927957855e-97,0.9819819819819819,0.13043952448467663
30,FABP6,21.311253,3.880096,8.927395092508448e-101,3.67525976966752e-97,0.9594594594594594,0.09913840113425673
30,SCGB3A2,21.303188,5.8997545,1.0605108393752038e-100,3.74223974905813e-97,0.990990990990991,0.4901297851455993
30,C11orf97,21.285246,3.604055,1.555315985798146e-100,4.802232520650001e-97,0.9684684684684685,0.09884756607409023
30,TPPP3,21.262714,4.5324526,2.5144700169321534e-100,6.444901770538295e-97,1.0,0.19166030464972553
30,EGR1,21.258463,3.7044568,2.752868918183858e-100,6.444901770538295e-97,1.0,0.5033627803831752
30,CAPSL,21.256506,3.682073,2.8700829713744886e-100,6.444901770538295e-97,0.990990990990991,0.11513432944341441
30,LRRC46,21.248034,3.5996017,3.437711295433715e-100,7.076242225709017e-97,0.9774774774774775,0.11164430872141637
30,C9orf116,21.241745,3.713015,3.930223822321243e-100,7.467727587319772e-97,0.990990990990991,0.13425673464936197
30,DNAAF1,21.235296,3.818404,4.5084407510413456e-100,7.954499642248021e-97,0.9864864864864865,0.12513178463663796
30,FOXJ1,21.228777,3.4507952,5.179389693523157e-100,8.5290736546477e-97,0.9774774774774775,0.1139709892027484
30,C17orf97,21.187603,3.5520737,1.2426488515608421e-99,1.9184168301502725e-96,0.954954954954955,0.10939033700512597
30,SNTN,21.157322,4.007328,2.3626278118421332e-99,3.4328982106066197e-96,0.9819819819819819,0.12251426909513942
30,CETN2,21.137276,4.132257,3.6134989078020804e-99,4.958724251201066e-96,1.0,0.2702948340422438
30,CFAP53,21.078331,3.7809253,1.257405091815363e-98,1.6346927985753305e-95,0.9684684684684685,0.11160795433889556
30,CDHR3,21.07442,3.6069775,1.3656745931687934e-98,1.6688044923013015e-95,0.9684684684684685,0.10993565274293816
4,CCL5,51.715195,6.140399,0.0,0.0,0.9677996422182469,0.10480628311600466
4,CD69,42.9671,4.3954234,0.0,0.0,0.907871198568873,0.22599676825372966
4,CD3D,42.141922,4.9788203,0.0,0.0,0.7996422182468694,0.06895644658224043
4,RPS27,41.959183,1.5840365,0.0,0.0,1.0,0.9371688399534027
4,CXCR4,41.439125,3.8185875,0.0,0.0,0.9186046511627907,0.3100973281725602
4,IL32,41.037792,3.8396823,0.0,0.0,0.8810375670840788,0.24358348051557627
4,BTG1,40.61952,2.4046524,0.0,0.0,0.9919499105545617,0.7793769493818345
4,ZFP36L2,39.983162,2.6495993,0.0,0.0,0.9686940966010733,0.6693848408552854
4,RPS3,39.97625,1.7116824,0.0,0.0,0.9973166368515206,0.8946676186539401
4,CD2,39.741497,4.5534463,0.0,0.0,0.7665474060822898,0.08549096238397655
4,CD3E,39.70876,4.5597425,0.0,0.0,0.7647584973166368,0.08053060764345571
4,RPS15A,39.573185,1.5046957,0.0,0.0,0.998211091234347,0.9020329938747135
4,RPS27A,39.5607,1.4304116,0.0,0.0,0.9991055456171736,0.9280372778174439
4,HCST,39.082016,3.3177643,0.0,0.0,0.8631484794275492,0.26079440832738343
4,SRSF7,38.63486,2.3903496,0.0,0.0,0.9203935599284436,0.632219758746383
4,RPL30,38.294735,1.446337,0.0,0.0,0.9991055456171736,0.9143963022810117
4,CD8A,37.782455,5.8205624,0.0,0.0,0.6896243291592129,0.030025177558152642
4,CCL4,37.662292,4.700101,2.0587591160798e-310,2.8251893847937395e-307,0.7826475849731663,0.1671865018225546
4,DUSP2,37.219223,3.5107036,3.3358619467749544e-303,4.33679610248885e-300,0.813953488372093,0.2801097290594115
4,RPS19,36.840862,1.6046863,4.096286918967456e-297,5.059119159270756e-294,0.998211091234347,0.9106008793356131
5,DCN,53.78127,6.5535264,0.0,0.0,0.9457013574660633,0.17812369806461387
5,A2M,51.4834,5.2307005,0.0,0.0,0.9336349924585219,0.34246108396773095
5,LUM,50.828922,6.4641237,0.0,0.0,0.8582202111613876,0.09983713971897133
5,CFD,49.254192,5.6359415,0.0,0.0,0.8567119155354449,0.20156800363595045
5,RARRES2,48.154186,5.3058805,0.0,0.0,0.8310708898944194,0.16695072529636784
5,ADH1B,47.448902,5.64098,0.0,0.0,0.8273001508295625,0.0893459076620081
5,FBLN1,46.7201,5.3682437,0.0,0.0,0.8416289592760181,0.12722039162216414
5,COL1A2,45.576256,5.4928045,0.0,0.0,0.7986425339366516,0.10676817028367988
5,FN1,44.77751,5.2371864,0.0,0.0,0.7918552036199095,0.15990607127977882
5,SELENOP,44.641323,3.7452462,0.0,0.0,0.8363499245852187,0.38828920955951973
5,MGP,42.02825,4.3584576,0.0,0.0,0.8695324283559578,0.39173578759989397
5,C1R,41.682777,4.080025,0.0,0.0,0.777526395173454,0.2167935461879332
5,C7,40.838837,4.9929814,0.0,0.0,0.729260935143288,0.11085861455137674
5,COL6A2,40.529053,4.400148,0.0,0.0,0.7413273001508296,0.14513502253531796
5,INMT,40.52465,4.730372,0.0,0.0,0.720211161387632,0.09309548157406355
5,TCF21,40.400978,4.9658346,0.0,0.0,0.7058823529411765,0.07044654016589023
5,GPX3,40.349102,3.7841694,0.0,0.0,0.8031674208144797,0.28398288073325
5,C1S,40.244816,4.402966,0.0,0.0,0.7375565610859729,0.1411203272355414
5,LGALS1,39.922768,2.6641288,0.0,0.0,0.9049773755656109,0.6250804832784154
5,COL3A1,39.839527,5.1382976,0.0,0.0,0.700603318250377,0.08385410748778548
6,FBLN1,57.616123,6.974326,0.0,0.0,0.9951259138911455,0.12265076609555438
6,DCN,57.0864,7.3496566,0.0,0.0,0.9983753046303818,0.1784285606460865
6,CFH,55.399906,5.170496,0.0,0.0,0.9731925264012997,0.22824364102951167
6,C1S,55.16836,5.6185503,0.0,0.0,0.9788789601949635,0.13204770171333685
6,NBL1,55.070507,5.5602856,0.0,0.0,0.9699431356620634,0.12238659521473319
6,LTBP2,55.00319,6.6764364,0.0,0.0,0.9439480097481722,0.05204166352177523
6,MMP2,54.601013,6.21601,0.0,0.0,0.9520714865962632,0.06117442825873651
6,PDGFRA,54.53017,6.422691,0.0,0.0,0.9480097481722177,0.04253151181221224
6,LAMA2,54.490383,6.1327124,0.0,0.0,0.950446791226645,0.0507962865121896
6,ADH1B,54.46467,6.1903877,0.0,0.0,0.9707554833468724,0.08532719450524567
6,A2M,54.39993,5.5338345,0.0,0.0,0.9902518277822908,0.3419503358744056
6,APOD,54.300537,6.1265798,0.0,0.0,0.9601949634443542,0.18744810929126726
6,COL1A2,54.077896,5.946256,0.0,0.0,0.9813160032493907,0.10076232168465545
6,COL6A2,53.708565,5.2393928,0.0,0.0,0.983753046303818,0.13601026492565477
6,COL6A1,53.564117,5.036254,0.0,0.0,0.9715678310316815,0.13944448637633028
6,SCN7A,53.543495,5.8496175,0.0,0.0,0.9455727051177905,0.048041361612197145
6,C1R,53.14024,4.733256,0.0,0.0,0.9780666125101544,0.20948750849120687
6,COL6A3,52.874893,5.8093896,0.0,0.0,0.9439480097481722,0.06147633783681787
6,BGN,52.521328,5.728322,0.0,0.0,0.9333874898456539,0.07313759529021058
6,MGP,52.475574,5.504879,0.0,0.0,0.9991876523151909,0.3874254660729112
7,NKG7,72.51937,7.4407196,0.0,0.0,0.9670801526717557,0.09394140365934538
7,KLRD1,66.8955,6.7225657,0.0,0.0,0.8983778625954199,0.04334256622322787
7,GZMB,65.282166,7.159808,0.0,0.0,0.875,0.03948035735185113
7,CD247,63.955147,6.219252,0.0,0.0,0.862118320610687,0.05898646276284477
7,HCST,63.7864,4.379337,0.0,0.0,0.9212786259541985,0.23305894745055203
7,PRF1,63.28662,7.1576567,0.0,0.0,0.8439885496183206,0.032614208247181364
7,CTSW,63.128826,5.861246,0.0,0.0,0.8602099236641222,0.08395427768891663
7,GNLY,62.936844,7.95843,0.0,0.0,0.8420801526717557,0.040416650411578825
7,CST7,62.753742,5.4172688,0.0,0.0,0.8773854961832062,0.09589201420044474
7,GZMA,60.887074,5.9597564,0.0,0.0,0.8315839694656488,0.05176920376077712
7,CCL4,57.161232,5.465813,0.0,0.0,0.833969465648855,0.1395076658994265
7,PFN1,56.364964,2.3098135,0.0,0.0,0.9742366412213741,0.8059142511606133
7,B2M,56.062054,1.7854707,0.0,0.0,0.9995229007633588,0.9853704209417548
7,CD7,55.409714,4.9473934,0.0,0.0,0.7795801526717557,0.0837202044239847
7,GZMM,53.33344,5.4024315,0.0,0.0,0.7304389312977099,0.050130690906253654
7,SPON2,52.6831,4.441576,0.0,0.0,0.7647900763358778,0.15636094097452502
7,CORO1A,50.227722,3.1993752,0.0,0.0,0.8287213740458015,0.26391760621074395
7,HLA-A,50.217705,1.9151683,0.0,0.0,0.9856870229007634,0.8651737993992119
7,PTPRC,49.905296,3.0201337,0.0,0.0,0.8635496183206107,0.3041782077790348
7,KLRF1,49.743874,7.2175193,0.0,0.0,0.6612595419847328,0.015448835485506964
8,RPS27A,54.985176,1.626502,0.0,0.0,0.9867663981588032,0.9271670963025662
8,RPL30,54.174595,1.6696811,0.0,0.0,0.9861910241657077,0.9132391981839868
8,ZFP36L2,54.016582,3.0322673,0.0,0.0,0.9585730724971231,0.6629217806163672
8,IL7R,53.854374,4.7328954,0.0,0.0,0.880897583429229,0.17244430764495403
8,RPS27,53.757275,1.7288263,0.0,0.0,0.9907940161104718,0.9362856373360009
8,CD69,52.30295,4.36813,0.0,0.0,0.8952819332566168,0.21057289061598244
8,CXCR4,52.08231,4.006464,0.0,0.0,0.9050632911392406,0.2964872455850102
8,RPL13,51.835155,1.4672015,0.0,0.0,0.9925201380897584,0.9484052171905659
8,RPS19,51.82501,1.8245072,0.0,0.0,0.9896432681242808,0.9090839136624216
8,RPS15A,51.73106,1.5901371,0.0,0.0,0.9815880322209436,0.9008502943326536
8,RPL28,50.495735,1.4461044,0.0,0.0,0.9907940161104718,0.9345157939286676
8,RPS12,50.41604,1.6692789,0.0,0.0,0.9925201380897584,0.9290523642799431
8,RPS3,50.242916,1.7240807,0.0,0.0,0.9810126582278481,0.8933092224231465
8,BTG1,49.75775,2.4311738,0.0,0.0,0.9695051783659379,0.7758070101188873
8,RPL32,48.3735,1.4221874,0.0,0.0,0.9867663981588032,0.9240891077680735
8,RPL10,48.042576,1.4538014,0.0,0.0,0.9896432681242808,0.9457119772228848
8,RPLP2,47.696728,1.3647544,0.0,0.0,0.979861910241657,0.8973875572313493
8,RPS29,47.271114,1.820055,0.0,0.0,0.9861910241657077,0.8860759493670886
8,RPL19,47.182835,1.3769535,0.0,0.0,0.9833141542002302,0.9144319187411026
8,RPS25,46.64327,1.3748695,0.0,0.0,0.9700805523590333,0.8833827093994074
9,IFI27,39.42014,4.4700575,0.0,0.0,0.8462246777163904,0.3203843411027287
9,TMSB10,35.93925,1.6919817,7.4510396665759e-283,9.202406540204565e-279,0.9705340699815838,0.9565364260781444
9,FCN3,35.134617,4.9625397,1.996791795377816e-270,1.6440918045875812e-266,0.7228360957642725,0.15797770521337687
9,IFITM3,34.80693,2.738293,1.9105141734162833e-265,1.1797902649388904e-261,0.8720073664825047,0.6610366700446646
9,CLDN5,33.031307,4.0599737,2.8866606355953467e-239,1.188390072664011e-235,0.7366482504604052,0.22230979994745337
9,EPAS1,31.850433,3.4636853,1.298238284158478e-222,4.0084729821248207e-219,0.7688766114180479,0.43647487144841046
9,MT2A,29.551765,2.4585195,6.232957221830051e-192,1.0997162595458865e-188,0.861878453038674,0.7364410914686784
9,HLA-B,28.148218,1.5815909,2.5197444558862143e-174,3.6611886944026698e-171,0.9097605893186004,0.8941935968171753
9,SLC9A3R2,28.02225,3.370499,8.705386941153832e-173,1.1946209046302268e-169,0.6685082872928176,0.3490222572533123
9,B2M,26.061539,1.2302674,9.95556953884878e-150,7.451894641791021e-147,0.990791896869245,0.986262808242315
9,RGCC,25.062056,2.7175515,1.2900678636398445e-138,6.5032584285240406e-136,0.6850828729281768,0.5035468978718612
9,RAMP2,24.63736,3.2977104,5.027771649368024e-134,2.217696205554278e-131,0.565377532228361,0.19081935217505536
9,HYAL2,23.753227,3.3340468,1.0175163449460978e-124,3.396442058988319e-122,0.5755064456721916,0.24959651690875653
9,TMEM100,23.522213,3.4247036,2.4171150209097246e-122,7.281116845303794e-120,0.5405156537753223,0.16015463724055098
9,TIMP3,23.41549,2.6117618,2.9719459232310873e-121,8.536050726712917e-119,0.6666666666666666,0.35795518522688885
9,MYL6,23.264376,0.85159457,1.0176250810092193e-119,2.732212731087905e-117,0.8222836095764272,0.9144240513455691
9,HLA-C,23.261604,1.3087903,1.0855593645451782e-119,2.8832690175946715e-117,0.8167587476979742,0.8598130841121495
9,PECAM1,22.618866,2.8170533,2.826530945919991e-113,6.52505989674483e-111,0.5791896869244936,0.2696768381938971
9,SPARC,22.093267,2.567652,3.668787035899845e-108,7.249816685900966e-106,0.583793738489871,0.28720489434373003
9,ID1,20.311535,2.0609293,1.0167738147802542e-91,1.1112977875613743e-89,0.647329650092081,0.48616897496528166
