group,names,scores,logfoldchanges,pvals,pvals_adj,pct_nz_group,pct_nz_reference
0,Ifi27l2a,26.114813,7.198247,2.4751253629581316e-150,7.9768340197414675e-146,0.980544747081712,0.13628839433511128
0,Ly6e,25.15415,2.6571736,1.272914996416317e-139,2.0511752252252534e-135,0.9961089494163424,0.8309729630310834
0,Isg15,21.65043,4.4704275,6.021430184756116e-104,6.468621733144004e-100,0.8910505836575876,0.1956961559683649
0,Bst2,20.545292,2.7777317,8.480062581499897e-94,6.8323864219144675e-90,0.953307392996109,0.6025381644289131
0,Ctsh,20.242533,1.7524354,4.133731029107601e-91,2.664437672121595e-87,0.9961089494163424,0.9361780393599411
0,Sftpb,20.201468,2.6972287,9.503207399180634e-91,5.104489467679891e-87,0.9883268482490273,0.7002023174544786
0,Ly6a,19.618395,3.570957,1.0770239000167491e-85,4.958618035677113e-82,0.8910505836575876,0.2872907853595733
0,Lcn2,19.448423,3.6407657,3.0053087467294414e-84,1.2106886286199556e-80,0.9727626459143969,0.6078719882288026
0,Bex4,19.417143,2.3937373,5.528042971273579e-84,1.9795307653133877e-80,0.9494163424124513,0.55490160014714
0,Irf7,19.359962,4.1521316,1.6800812040783478e-83,5.414565704503699e-80,0.7898832684824902,0.13665624425234504
0,Npc2,18.52908,2.0389192,1.2032970804307747e-76,3.525441664374819e-73,1.0,0.945926062166636
0,Acot1,18.317537,2.4635196,5.996541651394141e-75,1.6104712028427532e-71,0.867704280155642,0.4664336950524186
0,Lgals9,18.165352,2.5576146,9.708207087340262e-74,2.4067392154677073e-70,0.8715953307392996,0.45319109803200297
0,H2-K1,18.02338,1.5809573,1.2769824397312222e-72,2.9396135762612735e-69,1.0,0.969836306786831
0,Ifitm3,17.99276,3.5074642,2.220182420551045e-72,4.770135936634606e-69,0.8443579766536965,0.2745999632150083
0,Rtp4,17.93655,3.2394304,6.113493193812826e-72,1.2314103665637486e-68,0.77431906614786,0.15964686407945558
0,Napsa,17.888048,1.9710053,1.4613889676242775e-71,2.770449626387954e-68,0.9727626459143969,0.7597940040463491
0,Ly6i,17.600298,4.499519,2.450331143701604e-69,4.3871817832897387e-66,0.7315175097276264,0.1570719146588192
0,H2-D1,16.87001,1.2489841,7.478373661215207e-64,1.2050651317682184e-60,1.0,0.9805039543866103
0,Sftpd,16.706583,2.2479136,1.1737215398072689e-62,1.8012713230908886e-59,0.9844357976653697,0.7756115504874012
1,Krt18,23.116955,3.0697417,3.1267810967450777e-118,1.0076990118590037e-113,0.9954954954954955,0.8881578947368421
1,Krt8,22.520056,2.766662,2.6403272508996466e-112,4.2546233320996905e-108,0.990990990990991,0.8994883040935673
1,Gapdh,21.128347,2.341101,4.365693638933376e-99,3.517439364888621e-95,0.990990990990991,0.9161184210526315
1,Rpsa,21.008692,2.0294054,5.4618845080710556e-98,3.520512278522279e-94,0.9954954954954955,0.9572368421052632
1,Rps2,20.981413,2.325051,9.697040531722206e-98,4.888073271412088e-94,0.9954954954954955,0.9555921052631579
1,Rpl28,20.977102,1.5759472,1.0617014056064483e-97,4.888073271412088e-94,0.9954954954954955,0.9638157894736842
1,Btf3,20.548899,1.5580958,7.873055749810257e-94,3.1716605088110626e-90,0.9954954954954955,0.9404239766081871
1,Clu,20.395092,4.1977353,1.848678692740179e-92,6.619912989958943e-89,0.9414414414414415,0.7076023391812866
1,Rps20,20.31067,1.5073127,1.0348068330191958e-91,3.3349754614542644e-88,1.0,0.9689327485380117
1,Rpl29,20.264963,1.5711778,2.62160430297764e-91,7.680823952396672e-88,0.9954954954954955,0.9486476608187134
1,Rplp0,20.087833,1.8498542,9.42874051533291e-90,2.5322454110679086e-86,0.9954954954954955,0.9513888888888888
1,S100a11,20.044104,1.9893178,2.272405693117288e-89,5.633468513675689e-86,0.9954954954954955,0.966374269005848
1,Rpl19,20.027111,1.308734,3.196753515933236e-89,7.35892659367831e-86,1.0,0.9782529239766082
1,S100a14,19.859644,3.949764,9.095287977589142e-88,1.9541529396116192e-84,0.8918918918918919,0.26955409356725146
1,Rpl10a,19.807375,1.6678275,2.571415027334373e-87,5.179472718808262e-84,0.9954954954954955,0.9495614035087719
1,Rpl32,19.75286,1.6035681,7.580324603806957e-87,1.4370511843028859e-83,0.9954954954954955,0.9682017543859649
1,Rps10,19.675415,1.6554826,3.503036552973258e-86,6.2719923349567864e-83,0.9954954954954955,0.9375
1,Rpl23,19.642637,1.3597729,6.683571221355991e-86,1.1336743859045309e-82,1.0,0.9766081871345029
1,Rack1,19.55803,1.6057773,3.524383046609802e-85,5.679190841307035e-82,0.9954954954954955,0.9380482456140351
1,Rps5,19.53554,1.4872739,5.476442511085899e-85,8.051993492713699e-82,1.0,0.9643640350877193
10,Ccl9,7.5348883,12.494382,4.8875296947822736e-14,3.0643083024616587e-10,1.0,0.0059911894273127755
10,Spib,7.534609,11.562218,4.8980124750500555e-14,3.0643083024616587e-10,1.0,0.007577092511013216
10,Pglyrp1,7.5333505,9.591826,4.9454592090824036e-14,3.0643083024616587e-10,1.0,0.13462555066079296
10,Ccl20,7.5313935,12.879777,5.0201648873958086e-14,3.0643083024616587e-10,1.0,0.011982378854625551
10,Tnfaip2,7.5100055,9.00316,5.912499698603491e-14,3.0643083024616587e-10,1.0,0.03330396475770925
10,Msln,7.5079083,9.000158,6.00795408271776e-14,3.0643083024616587e-10,1.0,0.058325991189427315
10,Ubd,7.4944882,8.643483,6.655752177371108e-14,3.0643083024616587e-10,1.0,0.016740088105726872
10,Gda,7.453529,6.637996,9.087597765734969e-14,3.6484896367677497e-10,1.0,0.04281938325991189
10,AW112010,7.4384313,8.196354,1.0188782031435319e-13,3.6484896367677497e-10,1.0,0.15876651982378856
10,Mfge8,7.2814445,4.384769,3.3026471625226806e-13,9.86344284356961e-10,1.0,0.4828193832599119
10,Cd24a,7.278858,4.744644,3.3665716544391745e-13,9.86344284356961e-10,1.0,0.3162995594713656
10,Ly6a,7.2063756,5.8263226,5.746067569077289e-13,1.543202213468524e-09,1.0,0.3122466960352423
10,Pigr,7.124737,6.408738,1.0427963293940047e-12,2.2802764704398013e-09,1.0,0.16616740088105728
10,Serpinb1a,7.121941,10.656135,1.0641751962464705e-12,2.2802764704398013e-09,0.9473684210526315,0.029779735682819383
10,Cldn10,7.114113,8.350897,1.1263505599215553e-12,2.2802764704398013e-09,0.9473684210526315,0.01568281938325991
10,Clu,7.113414,5.006025,1.132072220647785e-12,2.2802764704398013e-09,1.0,0.7157709251101322
10,Il4i1,7.100273,8.632074,1.2451043952619698e-12,2.3604249676766333e-09,0.9473684210526315,0.025198237885462556
10,Fxyd3,7.0542817,7.0068645,1.7349480259297008e-12,3.082047723936734e-09,0.9473684210526315,0.17885462555066078
10,Btg1,7.047851,2.5632668,1.8170195716395045e-12,3.082047723936734e-09,1.0,0.7252863436123348
10,Bcl2a1b,6.9497166,6.5556407,3.660204875447218e-12,5.898054136295646e-09,0.9473684210526315,0.19259911894273127
11,Ahnak,10.696469,1.4245374,1.057307981844947e-26,3.4074921638898955e-22,1.0,0.8921532846715329
11,Cldn18,10.591346,0.9459854,3.268581815342604e-26,3.8939802608562193e-22,1.0,0.977007299270073
11,Ndst1,10.58166,1.3263577,3.624779937498032e-26,3.8939802608562193e-22,0.9906542056074766,0.6921532846715328
11,Fbln5,10.531493,1.2468557,6.184535216086474e-26,4.982880023600873e-22,0.9532710280373832,0.3925182481751825
11,Akap5,10.415519,1.8131967,2.106455933464728e-25,1.3222198279557403e-21,0.9953271028037384,0.5009124087591241
11,Lama3,10.400683,1.1845961,2.4616231127387495e-25,1.3222198279557403e-21,0.9205607476635514,0.443978102189781
11,Hs2st1,9.950413,1.2513163,2.5113955763879228e-23,1.1562465233689998e-19,0.9953271028037384,0.7051094890510949
11,Rtkn2,9.901899,1.557416,4.0844368393906807e-23,1.5375962828736334e-19,0.9626168224299065,0.3854014598540146
11,Fam189a2,9.896897,1.1088266,4.2938955398605875e-23,1.5375962828736334e-19,0.9813084112149533,0.6321167883211679
11,Pdpn,9.76011,1.1625929,1.6697374921203397e-22,5.3812299896054305e-19,0.9532710280373832,0.4116788321167883
11,Sec14l3,9.740527,1.4993442,2.025019480988007e-22,5.932938893934681e-19,0.9953271028037384,0.6468978102189781
11,Sparc,9.664503,1.5607593,4.266850152211781e-22,1.1459337225456773e-18,1.0,0.8888686131386861
11,Hopx,9.653122,2.3005998,4.768156753055938e-22,1.169046293464011e-18,0.9953271028037384,0.583941605839416
11,Spock2,9.646658,1.2642794,5.078393976820204e-22,1.169046293464011e-18,0.8878504672897196,0.3627737226277372
11,Col4a3,9.538441,1.4061818,1.4499659786222735e-21,3.115300237269242e-18,0.9672897196261683,0.4852189781021898
11,Cryab,9.50968,1.4315854,1.9125040802257875e-21,3.852261343594793e-18,1.0,0.6934306569343066
11,Clic5,9.492957,1.8969563,2.24570484738925e-21,4.257327989509456e-18,1.0,0.6273722627737226
11,Akr1c14,9.414687,1.0075426,4.744920397404246e-21,8.13325469708378e-18,0.7523364485981309,0.2793795620437956
11,Ntn4,9.413586,0.9912037,4.794955915495589e-21,8.13325469708378e-18,0.794392523364486,0.3124087591240876
11,Pdgfa,9.361681,1.0177866,7.84781758047737e-21,1.2645973249181233e-17,0.9672897196261683,0.6631386861313868
2,Cd52,9.694112,8.792194,3.1940372579250875e-22,6.534356845906185e-18,0.8604651162790697,0.008317112015572465
2,Laptm5,9.669714,7.8101716,4.055080579561986e-22,6.534356845906185e-18,0.8604651162790697,0.010794549637232349
2,Ptprc,9.445945,8.803768,3.522114680183678e-21,3.7836903970986525e-17,0.8372093023255814,0.009024951336046718
2,Coro1a,8.871343,7.484971,7.2269040662877e-19,5.822716606208e-15,0.7906976744186046,0.010617589807113786
2,Arhgdib,8.835585,6.90718,9.95762249176998e-19,6.418285153295258e-15,0.7906976744186046,0.01663422403114493
2,Lcp1,8.615121,2.33743,6.986781488191704e-18,3.7528332300240375e-14,1.0,0.5222084586798796
2,Fxyd5,8.582295,5.1777205,9.299810086367182e-18,4.281632563763451e-14,0.7906976744186046,0.05662714563794019
2,Rac2,8.303352,6.779788,1.0121413090032773e-16,4.077411263319703e-13,0.7441860465116279,0.014687665899840736
2,Srgn,8.261541,4.3456497,1.438036172503303e-16,5.149447751937383e-13,0.813953488372093,0.10688373739161211
2,Gvin-ps7,7.8071113,5.023132,5.851354364212034e-15,1.8857744844982544e-11,0.7209302325581395,0.036453725004423995
2,Zfp36l2,7.78141,2.1340754,7.172061209860019e-15,2.101283533376079e-11,0.9534883720930233,0.451601486462573
2,Fcer1g,7.334197,8.788646,2.2305440879540528e-13,5.990497905548602e-10,0.6511627906976745,0.005308794903556893
2,Lsp1,7.25849,6.756324,3.914353510898157e-13,9.703983457632754e-10,0.6511627906976745,0.014156786409485048
2,Slfn2,7.227993,4.6625695,4.901842913888923e-13,1.1284042387772302e-09,0.6744186046511628,0.048840913112723414
2,Apbb1ip,7.0383987,7.074222,1.9446133443278546e-12,3.964325276386216e-09,0.627906976744186,0.006724473544505397
2,Btg1,7.0367227,1.7208762,1.9681396432350584e-12,3.964325276386216e-09,0.9534883720930233,0.7244735445053972
2,Fau,6.888102,0.8133577,5.6541723961803426e-12,1.0718980469652947e-08,1.0,0.9787648203857724
2,Stk17b,6.854439,2.644804,7.15930762420838e-12,1.2818342561832648e-08,0.813953488372093,0.2811891700583967
2,Arpc1b,6.731147,1.4641556,1.6833116143422217e-11,2.855250879316901e-08,0.9534883720930233,0.7313749778800213
2,Sh3bgrl3,6.614606,1.5770105,3.725427519645416e-11,6.003153905156623e-08,0.9767441860465116,0.6745708724119625
3,Calcrl,34.507465,7.03892,6.198462224046819e-261,1.997640405565809e-256,0.9511201629327902,0.05246972900249856
3,Ramp2,34.075626,6.992817,1.694247200395183e-254,2.730109938716798e-250,0.9409368635437881,0.049778973669037094
3,Cdh5,34.05209,6.85383,3.779686964042885e-254,4.0603917159058037e-250,0.9389002036659878,0.052854122621564484
3,Cldn5,33.66577,7.056879,1.832885170785099e-248,1.4767555821015544e-244,0.9287169042769857,0.04939458004997117
3,Ptprb,33.29759,6.9535007,4.18429896826225e-243,2.6970317429831157e-239,0.9185336048879837,0.05746684605035556
3,Ctla2a,33.26251,6.716501,1.3462153270113904e-242,7.230971259820515e-239,0.9226069246435845,0.051893138573899676
3,Epas1,33.04975,3.3157394,1.5683679111116763e-239,7.220765862758158e-236,0.9898167006109979,0.6175283490294061
3,Pecam1,32.91256,6.428101,1.453239057203557e-237,5.85437354194453e-234,0.9124236252545825,0.049778973669037094
3,Tspan7,32.794106,6.3581095,7.1448842919311296e-236,2.558503677337294e-232,0.9103869653767821,0.06342494714587738
3,Egfl7,32.529114,5.3515453,4.134211355848183e-232,1.3323736357627524e-228,0.9124236252545825,0.13107822410147993
3,Hpgd,32.516632,6.9604297,6.206018149544931e-232,1.8182504811230368e-228,0.9022403258655805,0.056698058812223714
3,Tmem100,32.358448,6.998476,1.0552945193863724e-229,2.8341693142320008e-226,0.8920570264765784,0.0417067076686527
3,Cd93,32.198063,7.096218,1.878581536722356e-227,4.657148135806776e-224,0.8879837067209776,0.03728618104939458
3,Vim,32.092346,5.583615,5.637756101590754e-226,1.2978114545861917e-222,0.9083503054989817,0.08552758024216799
3,Ace,32.061863,6.474655,1.5004159913094526e-225,3.223693771194736e-222,0.8879837067209776,0.04458965981164713
3,Pltp,31.965767,6.5855846,3.2626162447612133e-224,6.571724771010274e-221,0.8859470468431772,0.04324428214491639
3,Aqp1,31.472681,5.853726,2.054838453149764e-217,3.88431619845085e-214,0.8818737270875764,0.06419373438400923
3,Flt1,31.470959,6.43085,2.1694703851345197e-217,3.88431619845085e-214,0.8716904276985743,0.04285988852585047
3,Cyyr1,31.097103,6.3944035,2.635804537262557e-212,4.4708794014156674e-209,0.8615071283095723,0.039015952335191235
3,Acvrl1,31.047203,6.348261,1.244467536434567e-211,2.005334988210661e-208,0.8615071283095723,0.04458965981164713
4,Sparcl1,12.536664,4.91889,4.7038446144922614e-36,1.515955042358566e-31,0.9054054054054054,0.0998220640569395
4,Bgn,12.406867,4.8996906,2.398572196031479e-35,3.8650592366851254e-31,0.8918918918918919,0.08754448398576513
4,Plac9a,11.116938,4.959456,1.0377334508419847e-28,9.266725678969551e-25,0.7972972972972973,0.07758007117437722
4,Col3a1,11.107755,5.5236807,1.1501459201898411e-28,9.266725678969551e-25,0.7837837837837838,0.050355871886121
4,Ppp1r14a,10.987176,4.848622,4.4049481213758995e-28,2.8392533611140498e-24,0.7837837837837838,0.05177935943060498
4,Zeb2,10.87108,4.19745,1.5831441718246095e-27,8.50359506159392e-24,0.7972972972972973,0.07935943060498221
4,Cst3,10.616967,1.6694434,2.485043540473154e-26,1.14411404603384e-22,0.9864864864864865,0.9384341637010676
4,Serping1,10.542869,4.7659774,5.480147198096578e-26,2.2076772987532067e-22,0.7567567567567568,0.05889679715302491
4,Lrp1,10.492045,4.9136095,9.39714918053941e-26,3.3650147087824903e-22,0.7432432432432432,0.0402135231316726
4,Col1a2,10.319789,5.344355,5.734884410017138e-25,1.6820863071616256e-21,0.7297297297297297,0.04252669039145907
4,Mxra8,10.319682,3.0584764,5.741265166556373e-25,1.6820863071616256e-21,0.8378378378378378,0.17277580071174378
4,Prex2,10.243448,3.3554537,1.2664033528415437e-24,3.401137271281439e-21,0.7972972972972973,0.12704626334519573
4,Vim,10.102405,3.264842,5.3903885515646235e-24,1.3363187864601899e-20,0.8243243243243243,0.14768683274021352
4,Gpx3,9.924098,4.3807063,3.2704585821276254e-23,7.528595656057795e-20,0.7297297297297297,0.07544483985765124
4,Marcks,9.677352,3.1061342,3.7633821764074795e-22,8.085752052084017e-19,0.7837837837837838,0.148576512455516
4,Fmo2,9.631333,3.2668047,5.895925589242137e-22,1.1875868118130976e-18,0.7837837837837838,0.2395017793594306
4,Rarres2,9.588412,5.0993066,8.94512144135864e-22,1.6957845518359192e-18,0.6756756756756757,0.034341637010676156
4,Prelp,9.562325,4.4245625,1.1514123985922318e-21,2.0615399323239137e-18,0.6891891891891891,0.048576512455516016
4,Plpp3,9.512676,3.7132282,1.8581967541929414e-21,3.090054931360547e-18,0.7297297297297297,0.10160142348754449
4,Septin4,9.509401,3.268388,1.9176212804769438e-21,3.090054931360547e-18,0.7432432432432432,0.1092526690391459
5,Cldn18,37.6267,2.0350316,7.8682212456524e-310,2.5357703430488554e-305,1.0,0.9743537553429676
5,Akap5,37.419815,3.7412565,1.860874194859099e-306,2.9986126775959526e-302,0.9935979513444302,0.44412782414003665
5,Ahnak,35.562725,2.703465,5.283090282746164e-277,5.675447787744779e-273,1.0,0.8797069000610624
5,Cryab,34.42475,2.9016786,1.0751120367083277e-259,6.929742143807196e-256,0.9935979513444302,0.6590677793608793
5,Hs2st1,34.31638,2.6514242,4.471529280474355e-258,2.401807427518792e-254,0.9884763124199744,0.6727050681864442
5,Crip2,34.205456,2.004924,2.0060457577655592e-256,9.235834668752635e-253,0.998719590268886,0.916955017301038
5,Ager,34.096817,3.068232,8.222899887290988e-255,3.3125952195951748e-251,1.0,0.964787299002646
5,Msn,33.812984,2.5065606,1.2710142643430794e-250,4.5513608568054184e-247,0.9974391805377721,0.788520252391614
5,Emp2,33.67299,2.6423488,1.4370745392075661e-248,4.210367113598313e-245,1.0,0.9531854264197028
5,Rtkn2,33.65183,3.4460585,2.9316381800553135e-248,7.873402938901886e-245,0.9756722151088348,0.3167107673519235
5,Clic3,33.595894,2.3927157,1.9260025908567826e-247,4.7747085767794147e-244,0.9935979513444302,0.8151842051699573
5,Lmo7,33.02209,2.455176,3.914768501387303e-239,7.421479956629999e-236,0.9961587708066582,0.8190514960309383
5,Col4a4,32.90949,2.9368792,1.607921150202523e-237,2.8788934904848286e-234,0.9910371318822023,0.517606350498677
5,Tppp3,32.840405,2.7867792,1.561365263265721e-236,2.6484041949751395e-233,0.9487836107554417,0.5695094646855282
5,Clic5,32.453526,3.3805733,4.830714019934925e-231,7.413535782593465e-228,0.9974391805377721,0.5847750865051903
5,Myo1b,32.443176,2.589133,6.760018072686215e-231,9.90281192938779e-228,0.9807938540332907,0.6409525748015469
5,Sec14l3,32.3269,2.8697355,2.9304085639949177e-229,3.935050300017842e-226,0.9910371318822023,0.6073682067982903
5,Anxa5,32.135983,2.160533,1.386523926804865e-226,1.7873957245226875e-223,0.9910371318822023,0.8849989822918787
5,Myl6,31.973421,1.2642896,2.5536864438442706e-224,3.0481558041560427e-221,0.9974391805377721,0.986159169550173
5,Col4a3,31.946121,3.055252,6.1160021690023485e-224,7.039518496521703e-221,0.9859154929577465,0.42662324445349076
6,Slc34a2,45.843227,3.4202168,0.0,0.0,1.0,0.5519807923169268
6,Lamp3,43.354393,2.7568622,0.0,0.0,0.999345977763244,0.5438175270108043
6,Scd1,41.47632,3.381445,0.0,0.0,1.0,0.6600240096038416
6,Ank3,41.034267,2.0384352,0.0,0.0,0.9947678221059516,0.6129651860744297
6,Cpm,40.868065,2.450403,0.0,0.0,0.9718770438194899,0.4518607442977191
6,Hc,40.518364,2.847618,0.0,0.0,0.9914977109221713,0.4943577430972389
6,Abca3,40.38634,1.8616937,0.0,0.0,0.9980379332897319,0.7418967587034814
6,Fasn,40.260563,2.2248647,0.0,0.0,0.9941137998691956,0.5963985594237695
6,Mme,39.910954,2.2034178,0.0,0.0,0.9758011772400261,0.4883553421368547
6,Il33,39.700104,2.563917,0.0,0.0,0.960758665794637,0.41008403361344536
6,Ppp1r14c,39.42366,2.2350874,0.0,0.0,0.9973839110529757,0.5157262905162064
6,Car8,39.39743,2.283195,0.0,0.0,0.9797253106605625,0.4744297719087635
6,Acly,39.34622,1.8428464,0.0,0.0,0.9758011772400261,0.6110444177671068
6,Cbr2,39.24597,2.8003697,0.0,0.0,0.9960758665794637,0.5375750300120048
6,Chil1,39.19848,3.0561514,0.0,0.0,0.9967298888162197,0.5255702280912365
6,Sftpb,38.897724,3.2126114,0.0,0.0,1.0,0.6079231692677071
6,Slco4c1,38.42995,2.111478,0.0,0.0,0.9522563767168084,0.4391356542617047
6,Acsl4,38.179775,1.7999148,0.0,0.0,0.9921517331589274,0.6813925570228091
6,Dram1,38.064568,2.0220954,0.0,0.0,0.9986919555264879,0.6458583433373349
6,Mid1ip1,37.820705,2.0921762,0.0,0.0,0.9666448659254414,0.5663865546218487
7,Vegfa,43.237335,3.8902688,0.0,0.0,1.0,0.7905349794238683
7,Pmp22,42.221554,4.150622,0.0,0.0,0.9976019184652278,0.4458847736625514
7,Hopx,41.93788,4.811454,0.0,0.0,1.0,0.5306584362139918
7,Igfbp2,41.375786,5.65911,0.0,0.0,0.9580335731414868,0.16666666666666666
7,Spock2,41.113125,4.1166644,0.0,0.0,0.9856115107913669,0.27901234567901234
7,Pdpn,40.701485,3.7530005,0.0,0.0,0.9832134292565947,0.3374485596707819
7,Sparc,40.43716,3.3696182,0.0,0.0,1.0,0.8746913580246913
7,Ager,40.132534,3.390167,0.0,0.0,1.0,0.9644032921810699
7,Sema3e,39.852352,3.7874033,0.0,0.0,0.9808153477218226,0.29979423868312755
7,Abca5,39.82903,3.9933112,0.0,0.0,0.9328537170263789,0.2242798353909465
7,Col4a3,39.826805,3.7566142,0.0,0.0,0.9952038369304557,0.4189300411522634
7,Cyp2b10,39.787292,3.5575395,0.0,0.0,0.9892086330935251,0.404320987654321
7,Emp2,39.614136,2.937521,0.0,0.0,1.0,0.9526748971193416
7,Ndnf,39.580616,3.539106,0.0,0.0,0.9988009592326139,0.6024691358024692
7,Pgrmc1,39.441853,3.241928,0.0,0.0,0.9724220623501199,0.4170781893004115
7,Clic5,39.40656,3.8188252,0.0,0.0,1.0,0.579835390946502
7,Cped1,39.257343,4.116364,0.0,0.0,0.9268585131894485,0.1705761316872428
7,Prdx6,39.10166,2.6602213,0.0,0.0,1.0,0.9685185185185186
7,Col4a4,38.999935,3.4441051,0.0,0.0,0.9952038369304557,0.5117283950617284
7,Timp3,38.919476,3.140368,0.0,0.0,0.9988009592326139,0.7339506172839506
8,Malat1,14.089618,3.4717095,4.399360064058187e-45,1.4178257614446727e-40,1.0,0.9912888888888889
8,Neat1,13.260886,3.126784,3.9025699699505614e-40,1.7967432141652387e-36,1.0,0.9656888888888889
8,Snhg11,9.113212,4.0367312,7.997834221238615e-20,4.799892016426035e-18,0.7536231884057971,0.46328888888888886
8,Ank3,9.053788,2.5057755,1.380928910974771e-19,8.033317137706664e-18,0.7971014492753623,0.7144888888888888
8,Son,8.689138,1.4708092,3.651979037110093e-18,1.8447645831972424e-16,0.8260869565217391,0.9660444444444445
8,Srrm2,7.967871,1.671439,1.6143093084695439e-15,6.099174723722915e-14,0.782608695652174,0.9450666666666667
8,Slc38a2,7.7691894,1.9636936,7.89900401654225e-15,2.6967065831051233e-13,0.7681159420289855,0.8700444444444444
8,Fosb,7.7548585,2.2610767,8.844219393543372e-15,3.000331606474903e-13,0.782608695652174,0.7208888888888889
8,Scgb1a1,7.4648113,4.4377775,8.341901725272948e-14,2.5410473421748262e-12,0.6086956521739131,0.11982222222222222
8,Hnrnpa2b1,7.405277,1.1911538,1.308771870269726e-13,3.8946537243816e-12,0.782608695652174,0.9582222222222222
8,Luc7l2,7.271361,1.9349645,3.5588389132687145e-13,1.006973314282916e-11,0.7536231884057971,0.8828444444444444
8,Chka,7.2620034,1.9377792,3.8139890447573853e-13,1.0753914167492651e-11,0.7536231884057971,0.8327111111111111
8,Hc,7.245646,2.103939,4.3038280759293346e-13,1.2050718612602138e-11,0.782608695652174,0.6259555555555556
8,Clk1,6.1383986,2.152409,8.33575047049905e-10,1.584923694178427e-08,0.6811594202898551,0.7692444444444444
8,Atp8a1,5.5926037,0.8410594,2.2368972016394823e-08,3.540801719766072e-07,0.7391304347826086,0.9246222222222222
8,Rbm39,5.5014963,0.8933668,3.765812251704248e-08,5.776515813799359e-07,0.7391304347826086,0.9500444444444445
8,Tra2a,5.458872,1.7502271,4.791697404972408e-08,7.21620672745097e-07,0.6811594202898551,0.8656
8,Swt1,5.2724576,1.8546572,1.3460882260253308e-07,1.8878038010593716e-06,0.6521739130434783,0.7852444444444444
8,Nckap5,5.084791,1.7355644,3.680307126986184e-07,4.877012256928896e-06,0.6521739130434783,0.7976888888888889
8,Jun,5.044266,1.0172751,4.5526458711691144e-07,5.932983062516709e-06,0.7971014492753623,0.9219555555555555
9,Sftpa1,31.557158,3.552213,1.4302715931426273e-218,2.30473964519003e-214,0.9956933677863911,0.6251930288991837
9,Sftpc,29.902258,4.338119,1.8392239530173684e-196,1.1854901911568749e-192,0.9939707149009475,0.6682108978601368
9,Sftpd,29.86901,2.4082887,4.972992211041247e-196,2.6711598829572885e-192,0.9982773471145564,0.7304213545113611
9,Ctsc,28.432684,1.7351277,7.978984533416917e-178,2.3376973958450947e-174,0.9750215331610681,0.6607103463489963
9,H2-Aa,28.291988,1.8101989,4.3364932991981184e-176,1.1646375503879747e-172,0.9664082687338501,0.6401941319214648
9,H2-Ab1,27.47105,1.7218528,3.894469390825757e-166,7.844434970470782e-163,0.9577950043066322,0.6452680344142951
9,Wfdc2,27.330765,1.1676456,1.8284361057508035e-164,3.273713267563161e-161,0.9948320413436692,0.9622766379880874
9,Cd74,26.699097,1.6682702,4.82179795603603e-157,6.215876181085167e-154,0.9931093884582257,0.8804323847341716
9,H2-Eb1,26.21642,1.567367,1.7270150463889165e-151,1.6866133610612728e-148,0.9319552110249785,0.6128391793514228
9,Napsa,23.228851,1.7513802,2.3275893876050167e-119,9.617121895350575e-117,0.9913867355727821,0.7125523935583499
9,Pla2g1b,22.686195,1.401341,6.131816968564715e-114,2.171606563328611e-111,0.8406546080964685,0.4813589234502537
9,S100g,22.52521,1.7167568,2.3504670754388583e-112,7.973773990236161e-110,0.9371231696813093,0.5482020736818883
9,Ppp1r14c,22.451515,1.4703342,1.2368492443980871e-111,4.026381560450662e-109,0.9534883720930233,0.5660710346348996
9,Cxcl15,21.750734,2.3977952,6.798302777285465e-105,1.810708280217818e-102,0.9913867355727821,0.6245312155305537
9,Egfl6,21.688145,1.3154691,2.6547926556966096e-104,6.844692616623226e-102,0.9164513350559862,0.557467460842709
9,Lcn2,21.416376,1.7719376,9.402447071019058e-102,2.089807339343464e-99,0.9259259259259259,0.5470990514008383
9,Dram1,21.264435,1.3724829,2.4239171371500496e-100,5.173377582521311e-98,0.9767441860465116,0.6801235384954776
9,Lyz2,21.258013,3.045933,2.7794334099455754e-100,5.893130258929342e-98,0.9810508182601206,0.6108537392455328
9,Sfta2,21.01973,1.426857,4.328923494929587e-98,8.88614945188476e-96,0.9612403100775194,0.6046768144716523
9,Lamp3,20.501135,1.8437943,2.1032964455400776e-93,4.210250797941964e-91,0.983634797588286,0.584822413412751
