leiden_cluster,AT0,AT1,AT2,Adventitial fibroblasts,Alveolar Mph MT-positive,Alveolar Mph proliferating,Alveolar fibroblasts,Basal resting,CD4 T cells,CD8 T cells,Classical monocytes,Club (nasal),Club (non-nasal),DC1,DC2,Deuterosomal,EC arterial,EC general capillary,EC venous pulmonary,EC venous systemic,Goblet (nasal),Goblet (subsegmental),Hematopoietic stem cells,Ionocyte,Lymphatic EC differentiating,Lymphatic EC mature,Lymphatic EC proliferating,Mast cells,Mesothelium,Migratory DCs,Multiciliated (nasal),Multiciliated (non-nasal),Myofibroblasts,NK cells,Peribronchial fibroblasts,SM activated stress response,SMG duct,SMG serous (bronchial),Smooth muscle,Subpleural fibroblasts,Suprabasal,pre-TB secretory,unassigned
0,180,0,3,0,0,0,0,0,0,0,0,0,1,0,0,0,0,0,0,1,0,0,0,0,0,0,0,0,0,0,0,0,0,0,0,0,2,0,0,0,0,146,21
1,2,0,0,0,0,0,3,315,0,0,0,0,1,0,0,0,0,0,0,0,0,0,0,0,0,0,0,0,0,0,0,0,18,0,0,21,29,0,4,0,88,0,6
10,51,0,0,0,0,0,0,12,1,3,0,0,2,0,0,0,0,0,0,0,0,0,0,0,0,0,0,0,0,1,0,4,1,8,0,0,2,0,0,0,0,2,1
11,23,0,1,0,0,0,0,3,0,0,0,0,8,0,0,0,0,0,1,0,0,0,0,0,0,0,0,0,0,0,2,462,0,0,0,0,9,0,0,0,0,2,5
12,14,0,0,0,0,0,0,0,0,0,0,0,0,0,0,1,0,0,0,0,0,0,0,0,0,0,0,0,0,0,0,1410,1,0,0,0,2,0,0,0,0,0,2
13,6,0,2,0,0,0,0,1,0,0,0,1,3,0,0,0,0,0,0,0,0,5,0,5,1,0,0,0,0,0,0,3,0,0,0,0,0,2,0,0,0,0,2
14,48,0,0,0,0,0,0,3,0,0,0,0,4,0,0,0,0,7,1,0,0,0,0,0,0,0,0,0,0,0,0,29,0,0,0,0,0,0,0,0,0,3,0
15,30,0,2,0,1,0,0,380,0,0,0,0,1,0,0,0,0,0,0,0,0,0,0,0,0,0,0,0,0,0,0,0,0,0,0,1,51,0,0,0,0,10,22
16,388,0,0,0,0,0,0,2,0,0,0,0,26,0,0,0,0,0,0,0,0,0,0,0,0,0,0,0,0,0,0,45,0,0,0,0,0,0,0,0,0,1,1
17,514,0,0,0,0,0,0,0,0,0,0,0,19,0,0,0,0,0,0,0,0,0,0,0,0,0,0,0,0,0,0,0,0,0,0,0,0,0,0,0,0,12,2
18,26,65,1,0,0,0,1,0,0,0,0,0,0,0,0,0,0,0,0,0,0,0,0,1,0,0,1,0,0,0,0,3,0,0,0,0,0,0,0,0,0,51,10
19,0,0,0,0,0,0,0,0,0,0,0,0,0,0,0,0,0,0,0,0,0,0,0,0,0,0,0,0,0,0,0,0,0,0,0,0,1,0,0,0,0,87,0
2,99,0,0,0,2,0,0,3,0,0,9,0,11,0,0,0,0,0,1,0,0,0,0,0,0,0,0,1,1,0,0,35,0,1,0,1,3,0,0,0,0,4,6
3,603,0,0,0,0,0,0,0,0,0,0,0,20,0,0,0,0,0,0,0,0,0,0,0,0,1,3,0,1,0,0,0,0,0,0,0,2,0,0,0,0,7,7
4,277,1,6,0,0,0,0,1,0,0,0,0,0,0,0,0,0,1,0,0,0,0,0,0,0,0,0,0,0,0,0,1,0,0,0,0,1,0,0,0,0,36,4
5,13,0,0,0,0,0,0,154,0,0,0,0,1,0,0,0,0,0,0,0,0,0,0,0,0,0,0,0,0,0,0,0,1,0,0,3,71,0,0,0,2,6,7
6,0,0,0,0,0,0,0,0,0,0,0,0,0,0,0,0,0,0,0,0,0,0,0,0,0,0,0,0,0,0,0,255,0,0,0,0,0,0,0,0,0,0,0
7,74,29,0,3,0,0,6,1,0,0,1,0,3,2,0,0,9,12,1,0,0,1,1,0,6,5,0,0,7,0,1,1,3,0,0,2,13,0,1,2,0,156,45
8,1,0,0,0,0,0,1,1,0,0,0,0,193,0,0,0,0,0,0,0,0,0,0,0,0,0,0,0,3,0,0,0,0,0,1,6,18,0,0,2,0,1,0
9,10,0,0,5,0,1,3,0,0,0,0,0,3,0,1,0,2,2,1,0,1,0,0,0,6,1,1,0,3,0,0,286,0,0,1,2,7,0,0,2,0,1,77
