sample,min_genes,max_genes,min_counts,max_counts,max_pct_mt,max_pct_top20,n_mads_counts,n_mads_genes,n_mads_mt,rationale
EEM-scRNA-113,200,44100,500,270986,9.8968,73.9597,5.0,5.0,3.0,"log1p(counts) median+/-5.0MAD -> [500,270986]; log1p(genes) median+/-5.0MAD -> [200,44100] (lower bounds floored at 500 counts / 200 genes); pct_mt median+3.0MAD=9.90 bracketed to [5.0,20.0] -> 9.90; pct_top20 median+5MAD -> 73.96"
EEM-scRNA-116,233,32724,500,437882,6.8704,41.9701,5.0,5.0,3.0,"log1p(counts) median+/-5.0MAD -> [500,437882]; log1p(genes) median+/-5.0MAD -> [233,32724] (lower bounds floored at 500 counts / 200 genes); pct_mt median+3.0MAD=6.87 bracketed to [5.0,20.0] -> 6.87; pct_top20 median+5MAD -> 41.97"
EEM-scRNA-117,414,19840,500,196174,6.7388,51.111,5.0,5.0,3.0,"log1p(counts) median+/-5.0MAD -> [500,196174]; log1p(genes) median+/-5.0MAD -> [414,19840] (lower bounds floored at 500 counts / 200 genes); pct_mt median+3.0MAD=6.74 bracketed to [5.0,20.0] -> 6.74; pct_top20 median+5MAD -> 51.11"
EEM-scRNA-118,200,54657,500,594361,9.1391,58.5741,5.0,5.0,3.0,"log1p(counts) median+/-5.0MAD -> [500,594361]; log1p(genes) median+/-5.0MAD -> [200,54657] (lower bounds floored at 500 counts / 200 genes); pct_mt median+3.0MAD=9.14 bracketed to [5.0,20.0] -> 9.14; pct_top20 median+5MAD -> 58.57"
EEM-scRNA-124,200,90747,500,568214,18.0225,100.0,5.0,5.0,3.0,"log1p(counts) median+/-5.0MAD -> [500,568214]; log1p(genes) median+/-5.0MAD -> [200,90747] (lower bounds floored at 500 counts / 200 genes); pct_mt median+3.0MAD=18.02 bracketed to [5.0,20.0] -> 18.02; pct_top20 median+5MAD -> 100.00"
EEM-scRNA-125,208,19107,500,137787,8.2726,63.7608,5.0,5.0,3.0,"log1p(counts) median+/-5.0MAD -> [500,137787]; log1p(genes) median+/-5.0MAD -> [208,19107] (lower bounds floored at 500 counts / 200 genes); pct_mt median+3.0MAD=8.27 bracketed to [5.0,20.0] -> 8.27; pct_top20 median+5MAD -> 63.76"
EEM-scRNA-126,200,24186,500,191490,9.8468,64.6195,5.0,5.0,3.0,"log1p(counts) median+/-5.0MAD -> [500,191490]; log1p(genes) median+/-5.0MAD -> [200,24186] (lower bounds floored at 500 counts / 200 genes); pct_mt median+3.0MAD=9.85 bracketed to [5.0,20.0] -> 9.85; pct_top20 median+5MAD -> 64.62"
EEM-scRNA-127,200,27783,500,201647,11.978,77.211,5.0,5.0,3.0,"log1p(counts) median+/-5.0MAD -> [500,201647]; log1p(genes) median+/-5.0MAD -> [200,27783] (lower bounds floored at 500 counts / 200 genes); pct_mt median+3.0MAD=11.98 bracketed to [5.0,20.0] -> 11.98; pct_top20 median+5MAD -> 77.21"
EEM-scRNA-158,200,37603,500,334940,8.2745,80.1103,5.0,5.0,3.0,"log1p(counts) median+/-5.0MAD -> [500,334940]; log1p(genes) median+/-5.0MAD -> [200,37603] (lower bounds floored at 500 counts / 200 genes); pct_mt median+3.0MAD=8.27 bracketed to [5.0,20.0] -> 8.27; pct_top20 median+5MAD -> 80.11"
EEM-scRNA-162,200,31261,500,173228,6.3082,47.1898,5.0,5.0,3.0,"log1p(counts) median+/-5.0MAD -> [500,173228]; log1p(genes) median+/-5.0MAD -> [200,31261] (lower bounds floored at 500 counts / 200 genes); pct_mt median+3.0MAD=6.31 bracketed to [5.0,20.0] -> 6.31; pct_top20 median+5MAD -> 47.19"
EEM-scRNA-166,272,18198,500,115722,5.0,34.413,5.0,5.0,3.0,"log1p(counts) median+/-5.0MAD -> [500,115722]; log1p(genes) median+/-5.0MAD -> [272,18198] (lower bounds floored at 500 counts / 200 genes); pct_mt median+3.0MAD=4.49 bracketed to [5.0,20.0] -> 5.00; pct_top20 median+5MAD -> 34.41"
EEM-scRNA-167,200,33818,500,361833,5.0,40.2924,5.0,5.0,3.0,"log1p(counts) median+/-5.0MAD -> [500,361833]; log1p(genes) median+/-5.0MAD -> [200,33818] (lower bounds floored at 500 counts / 200 genes); pct_mt median+3.0MAD=4.44 bracketed to [5.0,20.0] -> 5.00; pct_top20 median+5MAD -> 40.29"
EEM-scRNA-170,421,19619,500,204705,5.0,39.7785,5.0,5.0,3.0,"log1p(counts) median+/-5.0MAD -> [500,204705]; log1p(genes) median+/-5.0MAD -> [421,19619] (lower bounds floored at 500 counts / 200 genes); pct_mt median+3.0MAD=4.43 bracketed to [5.0,20.0] -> 5.00; pct_top20 median+5MAD -> 39.78"
EEM-scRNA-172,200,32465,500,355483,5.9473,45.3796,5.0,5.0,3.0,"log1p(counts) median+/-5.0MAD -> [500,355483]; log1p(genes) median+/-5.0MAD -> [200,32465] (lower bounds floored at 500 counts / 200 genes); pct_mt median+3.0MAD=5.95 bracketed to [5.0,20.0] -> 5.95; pct_top20 median+5MAD -> 45.38"
EEM-scRNA-179,200,25897,500,221860,7.8884,48.2818,5.0,5.0,3.0,"log1p(counts) median+/-5.0MAD -> [500,221860]; log1p(genes) median+/-5.0MAD -> [200,25897] (lower bounds floored at 500 counts / 200 genes); pct_mt median+3.0MAD=7.89 bracketed to [5.0,20.0] -> 7.89; pct_top20 median+5MAD -> 48.28"
EEM-scRNA-180,200,35854,500,333796,9.0346,48.8229,5.0,5.0,3.0,"log1p(counts) median+/-5.0MAD -> [500,333796]; log1p(genes) median+/-5.0MAD -> [200,35854] (lower bounds floored at 500 counts / 200 genes); pct_mt median+3.0MAD=9.03 bracketed to [5.0,20.0] -> 9.03; pct_top20 median+5MAD -> 48.82"
EEM-scRNA-181,200,29274,500,238216,5.8241,35.7288,5.0,5.0,3.0,"log1p(counts) median+/-5.0MAD -> [500,238216]; log1p(genes) median+/-5.0MAD -> [200,29274] (lower bounds floored at 500 counts / 200 genes); pct_mt median+3.0MAD=5.82 bracketed to [5.0,20.0] -> 5.82; pct_top20 median+5MAD -> 35.73"
EEM-scRNA-182,298,24236,500,239044,5.0239,37.5744,5.0,5.0,3.0,"log1p(counts) median+/-5.0MAD -> [500,239044]; log1p(genes) median+/-5.0MAD -> [298,24236] (lower bounds floored at 500 counts / 200 genes); pct_mt median+3.0MAD=5.02 bracketed to [5.0,20.0] -> 5.02; pct_top20 median+5MAD -> 37.57"
EEM-scRNA-236,200,42699,500,374023,11.3799,75.2079,5.0,5.0,3.0,"log1p(counts) median+/-5.0MAD -> [500,374023]; log1p(genes) median+/-5.0MAD -> [200,42699] (lower bounds floored at 500 counts / 200 genes); pct_mt median+3.0MAD=11.38 bracketed to [5.0,20.0] -> 11.38; pct_top20 median+5MAD -> 75.21"
EEM-scRNA-237,328,16956,500,131866,5.8012,48.3298,5.0,5.0,3.0,"log1p(counts) median+/-5.0MAD -> [500,131866]; log1p(genes) median+/-5.0MAD -> [328,16956] (lower bounds floored at 500 counts / 200 genes); pct_mt median+3.0MAD=5.80 bracketed to [5.0,20.0] -> 5.80; pct_top20 median+5MAD -> 48.33"
EEM-scRNA-238,200,51355,500,449377,11.2676,75.1252,5.0,5.0,3.0,"log1p(counts) median+/-5.0MAD -> [500,449377]; log1p(genes) median+/-5.0MAD -> [200,51355] (lower bounds floored at 500 counts / 200 genes); pct_mt median+3.0MAD=11.27 bracketed to [5.0,20.0] -> 11.27; pct_top20 median+5MAD -> 75.13"
EEM-scRNA-239,310,16929,500,128727,6.3558,53.8202,5.0,5.0,3.0,"log1p(counts) median+/-5.0MAD -> [500,128727]; log1p(genes) median+/-5.0MAD -> [310,16929] (lower bounds floored at 500 counts / 200 genes); pct_mt median+3.0MAD=6.36 bracketed to [5.0,20.0] -> 6.36; pct_top20 median+5MAD -> 53.82"
EEM-scRNA-249,200,24164,500,215001,7.6923,48.1579,5.0,5.0,3.0,"log1p(counts) median+/-5.0MAD -> [500,215001]; log1p(genes) median+/-5.0MAD -> [200,24164] (lower bounds floored at 500 counts / 200 genes); pct_mt median+3.0MAD=7.69 bracketed to [5.0,20.0] -> 7.69; pct_top20 median+5MAD -> 48.16"
EEM-scRNA-250,200,23006,500,165392,8.1559,48.3493,5.0,5.0,3.0,"log1p(counts) median+/-5.0MAD -> [500,165392]; log1p(genes) median+/-5.0MAD -> [200,23006] (lower bounds floored at 500 counts / 200 genes); pct_mt median+3.0MAD=8.16 bracketed to [5.0,20.0] -> 8.16; pct_top20 median+5MAD -> 48.35"
EEM-scRNA-251,200,28625,500,199530,9.1121,54.5012,5.0,5.0,3.0,"log1p(counts) median+/-5.0MAD -> [500,199530]; log1p(genes) median+/-5.0MAD -> [200,28625] (lower bounds floored at 500 counts / 200 genes); pct_mt median+3.0MAD=9.11 bracketed to [5.0,20.0] -> 9.11; pct_top20 median+5MAD -> 54.50"
EEM-scRNA-288,365,25004,500,276808,5.0,44.3402,5.0,5.0,3.0,"log1p(counts) median+/-5.0MAD -> [500,276808]; log1p(genes) median+/-5.0MAD -> [365,25004] (lower bounds floored at 500 counts / 200 genes); pct_mt median+3.0MAD=4.78 bracketed to [5.0,20.0] -> 5.00; pct_top20 median+5MAD -> 44.34"
EEM-scRNA-289,200,46205,500,422325,5.0,26.4398,5.0,5.0,3.0,"log1p(counts) median+/-5.0MAD -> [500,422325]; log1p(genes) median+/-5.0MAD -> [200,46205] (lower bounds floored at 500 counts / 200 genes); pct_mt median+3.0MAD=4.78 bracketed to [5.0,20.0] -> 5.00; pct_top20 median+5MAD -> 26.44"
EEM-scRNA-290,307,29007,500,352097,5.0,43.8732,5.0,5.0,3.0,"log1p(counts) median+/-5.0MAD -> [500,352097]; log1p(genes) median+/-5.0MAD -> [307,29007] (lower bounds floored at 500 counts / 200 genes); pct_mt median+3.0MAD=4.80 bracketed to [5.0,20.0] -> 5.00; pct_top20 median+5MAD -> 43.87"
EEM-scRNA-291,240,27806,500,288691,5.0167,45.557,5.0,5.0,3.0,"log1p(counts) median+/-5.0MAD -> [500,288691]; log1p(genes) median+/-5.0MAD -> [240,27806] (lower bounds floored at 500 counts / 200 genes); pct_mt median+3.0MAD=5.02 bracketed to [5.0,20.0] -> 5.02; pct_top20 median+5MAD -> 45.56"
EEM-scRNA-292,251,37836,500,551580,5.0175,46.5353,5.0,5.0,3.0,"log1p(counts) median+/-5.0MAD -> [500,551580]; log1p(genes) median+/-5.0MAD -> [251,37836] (lower bounds floored at 500 counts / 200 genes); pct_mt median+3.0MAD=5.02 bracketed to [5.0,20.0] -> 5.02; pct_top20 median+5MAD -> 46.54"
EEM-scRNA-310,200,51548,500,468876,9.6038,50.6995,5.0,5.0,3.0,"log1p(counts) median+/-5.0MAD -> [500,468876]; log1p(genes) median+/-5.0MAD -> [200,51548] (lower bounds floored at 500 counts / 200 genes); pct_mt median+3.0MAD=9.60 bracketed to [5.0,20.0] -> 9.60; pct_top20 median+5MAD -> 50.70"
EEM-scRNA-311,200,36798,500,319294,7.7846,49.7388,5.0,5.0,3.0,"log1p(counts) median+/-5.0MAD -> [500,319294]; log1p(genes) median+/-5.0MAD -> [200,36798] (lower bounds floored at 500 counts / 200 genes); pct_mt median+3.0MAD=7.78 bracketed to [5.0,20.0] -> 7.78; pct_top20 median+5MAD -> 49.74"
EEM-scRNA-312,200,44093,500,542193,7.3919,49.4706,5.0,5.0,3.0,"log1p(counts) median+/-5.0MAD -> [500,542193]; log1p(genes) median+/-5.0MAD -> [200,44093] (lower bounds floored at 500 counts / 200 genes); pct_mt median+3.0MAD=7.39 bracketed to [5.0,20.0] -> 7.39; pct_top20 median+5MAD -> 49.47"
