sample_id,day,tam,label,n_scored,n_traced,pct_traced,window,series
EEM-scRNA-158,0,-42,Neutrophil,66,18,27.27,-42 d before harvest (uninjured),baseline
EEM-scRNA-166,0,-3,Neutrophil,60,55,91.67,-3 d before harvest (uninjured),baseline
EEM-scRNA-113,6,2,Neutrophil,41,33,80.49,2 to 3 dpi,immediate
EEM-scRNA-162,6,2,Neutrophil,50,46,92.0,2 to 3 dpi,immediate
EEM-scRNA-116,11,7,Neutrophil,60,10,16.67,7 to 8 dpi,immediate
EEM-scRNA-167,11,7,Neutrophil,63,31,49.21,7 to 8 dpi,immediate
EEM-scRNA-117,19,14,Neutrophil,28,28,,14 to 15 dpi,immediate
EEM-scRNA-170,19,14,Neutrophil,82,82,100.0,14 to 15 dpi,immediate
EEM-scRNA-118,25,21,Neutrophil,25,25,,21 to 22 dpi,immediate
EEM-scRNA-172,25,21,Neutrophil,49,47,95.92,21 to 22 dpi,immediate
EEM-scRNA-124,42,2,Neutrophil,25,20,,2 to 3 dpi,common_42
EEM-scRNA-179,42,2,Neutrophil,54,11,20.37,2 to 3 dpi,common_42
EEM-scRNA-125,42,7,Neutrophil,46,21,45.65,7 to 8 dpi,common_42
EEM-scRNA-180,42,7,Neutrophil,43,13,30.23,7 to 8 dpi,common_42
EEM-scRNA-126,42,14,Neutrophil,60,17,28.33,14 to 15 dpi,common_42
EEM-scRNA-181,42,14,Neutrophil,29,11,,14 to 15 dpi,common_42
EEM-scRNA-127,42,21,Neutrophil,37,33,89.19,21 to 22 dpi,common_42
EEM-scRNA-182,42,21,Neutrophil,69,26,37.68,21 to 22 dpi,common_42
EEM-scRNA-236,90,2,Neutrophil,10,2,,2 to 3 dpi,later_90
EEM-scRNA-237,90,7,Neutrophil,43,3,6.98,7 to 8 dpi,later_90
EEM-scRNA-238,90,14,Neutrophil,32,11,34.38,14 to 15 dpi,later_90
EEM-scRNA-239,90,21,Neutrophil,85,15,17.65,21 to 22 dpi,later_90
EEM-scRNA-312,366,7,Neutrophil,19,1,,7 to 8 dpi,later_366
EEM-scRNA-310,366,14,Neutrophil,22,5,,14 to 15 dpi,later_366
EEM-scRNA-311,366,14,Neutrophil,28,5,,14 to 15 dpi,later_366
EEM-scRNA-158,0,-42,aMAC,146,57,39.04,-42 d before harvest (uninjured),baseline
EEM-scRNA-166,0,-3,aMAC,144,85,59.03,-3 d before harvest (uninjured),baseline
EEM-scRNA-113,6,2,aMAC,13,5,,2 to 3 dpi,immediate
EEM-scRNA-162,6,2,aMAC,10,1,,2 to 3 dpi,immediate
EEM-scRNA-116,11,7,aMAC,11,1,,7 to 8 dpi,immediate
EEM-scRNA-167,11,7,aMAC,92,20,21.74,7 to 8 dpi,immediate
EEM-scRNA-117,19,14,aMAC,137,34,24.82,14 to 15 dpi,immediate
EEM-scRNA-170,19,14,aMAC,203,65,32.02,14 to 15 dpi,immediate
EEM-scRNA-118,25,21,aMAC,45,31,68.89,21 to 22 dpi,immediate
EEM-scRNA-172,25,21,aMAC,172,50,29.07,21 to 22 dpi,immediate
EEM-scRNA-124,42,2,aMAC,47,45,95.74,2 to 3 dpi,common_42
EEM-scRNA-179,42,2,aMAC,369,235,63.69,2 to 3 dpi,common_42
EEM-scRNA-125,42,7,aMAC,71,59,83.1,7 to 8 dpi,common_42
EEM-scRNA-180,42,7,aMAC,375,138,36.8,7 to 8 dpi,common_42
EEM-scRNA-126,42,14,aMAC,89,23,25.84,14 to 15 dpi,common_42
EEM-scRNA-181,42,14,aMAC,241,79,32.78,14 to 15 dpi,common_42
EEM-scRNA-127,42,21,aMAC,88,39,44.32,21 to 22 dpi,common_42
EEM-scRNA-182,42,21,aMAC,348,138,39.66,21 to 22 dpi,common_42
EEM-scRNA-236,90,2,aMAC,54,49,90.74,2 to 3 dpi,later_90
EEM-scRNA-237,90,7,aMAC,169,119,70.41,7 to 8 dpi,later_90
EEM-scRNA-238,90,14,aMAC,113,29,25.66,14 to 15 dpi,later_90
EEM-scRNA-239,90,21,aMAC,205,73,35.61,21 to 22 dpi,later_90
EEM-scRNA-312,366,7,aMAC,117,57,48.72,7 to 8 dpi,later_366
EEM-scRNA-310,366,14,aMAC,119,45,37.82,14 to 15 dpi,later_366
EEM-scRNA-311,366,14,aMAC,87,32,36.78,14 to 15 dpi,later_366
EEM-scRNA-158,0,-42,cMON,47,11,23.4,-42 d before harvest (uninjured),baseline
EEM-scRNA-166,0,-3,cMON,238,238,100.0,-3 d before harvest (uninjured),baseline
EEM-scRNA-113,6,2,cMON,11,11,,2 to 3 dpi,immediate
EEM-scRNA-162,6,2,cMON,38,38,100.0,2 to 3 dpi,immediate
EEM-scRNA-116,11,7,cMON,35,34,97.14,7 to 8 dpi,immediate
EEM-scRNA-167,11,7,cMON,59,50,84.75,7 to 8 dpi,immediate
EEM-scRNA-117,19,14,cMON,15,13,,14 to 15 dpi,immediate
EEM-scRNA-170,19,14,cMON,76,69,90.79,14 to 15 dpi,immediate
EEM-scRNA-118,25,21,cMON,33,33,100.0,21 to 22 dpi,immediate
EEM-scRNA-172,25,21,cMON,51,45,88.24,21 to 22 dpi,immediate
EEM-scRNA-124,42,2,cMON,4,2,,2 to 3 dpi,common_42
EEM-scRNA-179,42,2,cMON,75,10,13.33,2 to 3 dpi,common_42
EEM-scRNA-125,42,7,cMON,10,4,,7 to 8 dpi,common_42
EEM-scRNA-180,42,7,cMON,51,11,21.57,7 to 8 dpi,common_42
EEM-scRNA-126,42,14,cMON,23,7,,14 to 15 dpi,common_42
EEM-scRNA-181,42,14,cMON,29,10,,14 to 15 dpi,common_42
EEM-scRNA-127,42,21,cMON,5,4,,21 to 22 dpi,common_42
EEM-scRNA-182,42,21,cMON,40,13,32.5,21 to 22 dpi,common_42
EEM-scRNA-236,90,2,cMON,20,3,,2 to 3 dpi,later_90
EEM-scRNA-237,90,7,cMON,45,5,11.11,7 to 8 dpi,later_90
EEM-scRNA-238,90,14,cMON,36,12,33.33,14 to 15 dpi,later_90
EEM-scRNA-239,90,21,cMON,40,4,10.0,21 to 22 dpi,later_90
EEM-scRNA-312,366,7,cMON,20,0,,7 to 8 dpi,later_366
EEM-scRNA-310,366,14,cMON,7,0,,14 to 15 dpi,later_366
EEM-scRNA-311,366,14,cMON,19,5,,14 to 15 dpi,later_366
EEM-scRNA-158,0,-42,iMAC,20,1,,-42 d before harvest (uninjured),baseline
EEM-scRNA-166,0,-3,iMAC,8,1,,-3 d before harvest (uninjured),baseline
EEM-scRNA-113,6,2,iMAC,3,1,,2 to 3 dpi,immediate
EEM-scRNA-162,6,2,iMAC,23,10,,2 to 3 dpi,immediate
EEM-scRNA-116,11,7,iMAC,9,1,,7 to 8 dpi,immediate
EEM-scRNA-167,11,7,iMAC,59,17,28.81,7 to 8 dpi,immediate
EEM-scRNA-117,19,14,iMAC,16,3,,14 to 15 dpi,immediate
EEM-scRNA-170,19,14,iMAC,27,2,,14 to 15 dpi,immediate
EEM-scRNA-118,25,21,iMAC,24,6,,21 to 22 dpi,immediate
EEM-scRNA-172,25,21,iMAC,23,1,,21 to 22 dpi,immediate
EEM-scRNA-124,42,2,iMAC,19,18,,2 to 3 dpi,common_42
EEM-scRNA-179,42,2,iMAC,64,35,54.69,2 to 3 dpi,common_42
EEM-scRNA-125,42,7,iMAC,22,14,,7 to 8 dpi,common_42
EEM-scRNA-180,42,7,iMAC,81,43,53.09,7 to 8 dpi,common_42
EEM-scRNA-126,42,14,iMAC,24,6,,14 to 15 dpi,common_42
EEM-scRNA-181,42,14,iMAC,58,4,6.9,14 to 15 dpi,common_42
EEM-scRNA-127,42,21,iMAC,12,2,,21 to 22 dpi,common_42
EEM-scRNA-182,42,21,iMAC,62,6,9.68,21 to 22 dpi,common_42
EEM-scRNA-236,90,2,iMAC,32,18,56.25,2 to 3 dpi,later_90
EEM-scRNA-237,90,7,iMAC,63,23,36.51,7 to 8 dpi,later_90
EEM-scRNA-238,90,14,iMAC,33,7,21.21,14 to 15 dpi,later_90
EEM-scRNA-239,90,21,iMAC,51,5,9.8,21 to 22 dpi,later_90
EEM-scRNA-312,366,7,iMAC,14,0,,7 to 8 dpi,later_366
EEM-scRNA-310,366,14,iMAC,21,6,,14 to 15 dpi,later_366
EEM-scRNA-311,366,14,iMAC,17,3,,14 to 15 dpi,later_366
EEM-scRNA-158,0,-42,iMON,15,3,,-42 d before harvest (uninjured),baseline
EEM-scRNA-166,0,-3,iMON,2,2,,-3 d before harvest (uninjured),baseline
EEM-scRNA-113,6,2,iMON,96,89,92.71,2 to 3 dpi,immediate
EEM-scRNA-162,6,2,iMON,330,313,94.85,2 to 3 dpi,immediate
EEM-scRNA-116,11,7,iMON,96,52,54.17,7 to 8 dpi,immediate
EEM-scRNA-167,11,7,iMON,262,117,44.66,7 to 8 dpi,immediate
EEM-scRNA-117,19,14,iMON,37,5,13.51,14 to 15 dpi,immediate
EEM-scRNA-170,19,14,iMON,81,15,18.52,14 to 15 dpi,immediate
EEM-scRNA-118,25,21,iMON,22,5,,21 to 22 dpi,immediate
EEM-scRNA-172,25,21,iMON,23,1,,21 to 22 dpi,immediate
EEM-scRNA-124,42,2,iMON,14,11,,2 to 3 dpi,common_42
EEM-scRNA-179,42,2,iMON,14,3,,2 to 3 dpi,common_42
EEM-scRNA-125,42,7,iMON,3,1,,7 to 8 dpi,common_42
EEM-scRNA-180,42,7,iMON,9,3,,7 to 8 dpi,common_42
EEM-scRNA-126,42,14,iMON,5,2,,14 to 15 dpi,common_42
EEM-scRNA-181,42,14,iMON,8,2,,14 to 15 dpi,common_42
EEM-scRNA-127,42,21,iMON,1,1,,21 to 22 dpi,common_42
EEM-scRNA-182,42,21,iMON,9,2,,21 to 22 dpi,common_42
EEM-scRNA-236,90,2,iMON,27,10,,2 to 3 dpi,later_90
EEM-scRNA-237,90,7,iMON,6,0,,7 to 8 dpi,later_90
EEM-scRNA-238,90,14,iMON,1,0,,14 to 15 dpi,later_90
EEM-scRNA-239,90,21,iMON,17,5,,21 to 22 dpi,later_90
EEM-scRNA-312,366,7,iMON,1,0,,7 to 8 dpi,later_366
EEM-scRNA-310,366,14,iMON,5,1,,14 to 15 dpi,later_366
EEM-scRNA-311,366,14,iMON,5,0,,14 to 15 dpi,later_366
