path,filename,parent,ext,size_bytes,size_human,file_type,inferred_role,dataset,sample,dimensions,contains_raw_counts,contains_metadata,appears_processed,species_evidence,notes,extra_json
C:\Users\dream\Documents\GitHub\scRNA_seq\raw_data\GSE178360\Compressed\GSE178360_endo.sub_SAE10x3.integrated_temp_v2.RDS.gz,GSE178360_endo.sub_SAE10x3.integrated_temp_v2.RDS.gz,GSE178360\Compressed,.RDS.gz,406538944,387.7 MB,gzip-compressed RDS,compressed copy of a pre-processed Seurat object,GSE178360,,,unknown,no,yes,,duplicate of the extracted .RDS in the parent folder,{}
C:\Users\dream\Documents\GitHub\scRNA_seq\raw_data\GSE178360\Compressed\GSE178360_epi.sub_SAE10x3.integrated_v2.RDS.gz,GSE178360_epi.sub_SAE10x3.integrated_v2.RDS.gz,GSE178360\Compressed,.RDS.gz,1078010572,1.0 GB,gzip-compressed RDS,compressed copy of a pre-processed Seurat object,GSE178360,,,unknown,no,yes,,duplicate of the extracted .RDS in the parent folder,{}
C:\Users\dream\Documents\GitHub\scRNA_seq\raw_data\GSE178360\Compressed\GSE178360_immune_platelet.sub_SAE10x3.integrated_temp.RDS.gz,GSE178360_immune_platelet.sub_SAE10x3.integrated_temp.RDS.gz,GSE178360\Compressed,.RDS.gz,1114035561,1.0 GB,gzip-compressed RDS,compressed copy of a pre-processed Seurat object,GSE178360,,,unknown,no,yes,,duplicate of the extracted .RDS in the parent folder,{}
C:\Users\dream\Documents\GitHub\scRNA_seq\raw_data\GSE178360\Compressed\GSE178360_mes.sub_SAE10x3.integrated_v2.RDS.gz,GSE178360_mes.sub_SAE10x3.integrated_v2.RDS.gz,GSE178360\Compressed,.RDS.gz,260516864,248.4 MB,gzip-compressed RDS,compressed copy of a pre-processed Seurat object,GSE178360,,,unknown,no,yes,,duplicate of the extracted .RDS in the parent folder,{}
C:\Users\dream\Documents\GitHub\scRNA_seq\raw_data\GSE178360\Compressed\GSE178360_RAW.tar,GSE178360_RAW.tar,GSE178360\Compressed,.tar,354467840,338.0 MB,tar archive,GEO supplementary archive (already extracted),GSE178360,,6 members,see extracted members,no,unknown,,,"{""n_members"": 6, ""members"": [""GSM5388411_DD046Q_filtered_feature_bc_matrix.h5"", ""GSM5388411_DD046Q_raw_feature_bc_matrix.h5"", ""GSM5388412_DD047Q_filtered_feature_bc_matrix.h5"", ""GSM5388412_DD047Q_raw_feature_bc_matrix.h5"", ""GSM5388413_DD073R_raw_feature_bc_matrix.h5"", ""GSM5388413_DD073Rfiltered_feature_bc_matrix.h5""]}"
C:\Users\dream\Documents\GitHub\scRNA_seq\raw_data\GSE178360\GSE178360_endo.sub_SAE10x3.integrated_temp_v2.RDS\GSE178360_endo.sub_SAE10x3.integrated_temp_v2.RDS,GSE178360_endo.sub_SAE10x3.integrated_temp_v2.RDS,GSE178360\GSE178360_endo.sub_SAE10x3.integrated_temp_v2.RDS,.RDS,662559593,631.9 MB,RDS (uncompressed XDR R serialization),pre-processed Seurat object (author-supplied),GSE178360,,,unknown without R,likely (Seurat meta.data),yes,,requires R/Seurat to read; R is not installed in this environment,"{""magic_bytes"": ""580a000000030003""}"
C:\Users\dream\Documents\GitHub\scRNA_seq\raw_data\GSE178360\GSE178360_epi.sub_SAE10x3.integrated_v2.RDS,GSE178360_epi.sub_SAE10x3.integrated_v2.RDS,GSE178360,.RDS,1079895895,1.0 GB,RDS (gzip-compressed R serialization),pre-processed Seurat object (author-supplied),GSE178360,,,unknown without R,likely (Seurat meta.data),yes,,requires R/Seurat to read; R is not installed in this environment,"{""magic_bytes"": ""1f8b080000000000""}"
C:\Users\dream\Documents\GitHub\scRNA_seq\raw_data\GSE178360\GSE178360_immune_platelet.sub_SAE10x3.integrated_temp.RDS,GSE178360_immune_platelet.sub_SAE10x3.integrated_temp.RDS,GSE178360,.RDS,1115874314,1.0 GB,RDS (gzip-compressed R serialization),pre-processed Seurat object (author-supplied),GSE178360,,,unknown without R,likely (Seurat meta.data),yes,,requires R/Seurat to read; R is not installed in this environment,"{""magic_bytes"": ""1f8b080000000000""}"
C:\Users\dream\Documents\GitHub\scRNA_seq\raw_data\GSE178360\GSE178360_mes.sub_SAE10x3.integrated_v2.RDS,GSE178360_mes.sub_SAE10x3.integrated_v2.RDS,GSE178360,.RDS,260980825,248.9 MB,RDS (gzip-compressed R serialization),pre-processed Seurat object (author-supplied),GSE178360,,,unknown without R,likely (Seurat meta.data),yes,,requires R/Seurat to read; R is not installed in this environment,"{""magic_bytes"": ""1f8b080000000000""}"
C:\Users\dream\Documents\GitHub\scRNA_seq\raw_data\GSE178360\GSE178360_RAW\GSM5388411_DD046Q_filtered_feature_bc_matrix.h5,GSM5388411_DD046Q_filtered_feature_bc_matrix.h5,GSE178360\GSE178360_RAW,.h5,32359860,30.9 MB,10x CellRanger HDF5 (v3 layout),10x FILTERED (cell-called) count matrix,GSE178360,DD046Q,33538 genes x 12185 barcodes,yes (integer values),no,no (looks like raw counts),"HUMAN (12/12 upper-case markers, 13 'MT-' genes)",,"{""hdf5_top_level_keys"": [""matrix""], ""n_genes"": 33538, ""n_barcodes"": 12185, ""data_dtype"": ""int32"", ""min_value"": 1.0, ""max_value_in_probe"": 21025.0, ""genome"": [""GRCh38""], ""feature_types"": {""Gene Expression"": 33538}, ""mouse_probe_hits"": [], ""human_probe_hits"": [""SFTPC"", ""KRT8"", ""TP63"", ""AGER"", ""SCGB1A1"", ""FOXJ1"", ""CD3D"", ""LYZ"", ""COL1A1"", ""PECAM1"", ""ACTB"", ""EPCAM""], ""n_mt_mouse_style"": 0, ""n_mt_human_style"": 13, ""n_duplicate_gene_symbols"": 24, ""gsm"": ""GSM5388411""}"
C:\Users\dream\Documents\GitHub\scRNA_seq\raw_data\GSE178360\GSE178360_RAW\GSM5388411_DD046Q_raw_feature_bc_matrix.h5,GSM5388411_DD046Q_raw_feature_bc_matrix.h5,GSE178360\GSE178360_RAW,.h5,81396128,77.6 MB,10x CellRanger HDF5 (v3 layout),10x RAW (unfiltered droplet) count matrix,GSE178360,DD046Q,33538 genes x 6794880 barcodes,yes (integer values),no,no (looks like raw counts),"HUMAN (12/12 upper-case markers, 13 'MT-' genes)",,"{""hdf5_top_level_keys"": [""matrix""], ""n_genes"": 33538, ""n_barcodes"": 6794880, ""data_dtype"": ""int32"", ""min_value"": 1.0, ""max_value_in_probe"": 6107.0, ""genome"": [""GRCh38""], ""feature_types"": {""Gene Expression"": 33538}, ""mouse_probe_hits"": [], ""human_probe_hits"": [""SFTPC"", ""KRT8"", ""TP63"", ""AGER"", ""SCGB1A1"", ""FOXJ1"", ""CD3D"", ""LYZ"", ""COL1A1"", ""PECAM1"", ""ACTB"", ""EPCAM""], ""n_mt_mouse_style"": 0, ""n_mt_human_style"": 13, ""n_duplicate_gene_symbols"": 24, ""gsm"": ""GSM5388411""}"
C:\Users\dream\Documents\GitHub\scRNA_seq\raw_data\GSE178360\GSE178360_RAW\GSM5388412_DD047Q_filtered_feature_bc_matrix.h5,GSM5388412_DD047Q_filtered_feature_bc_matrix.h5,GSE178360\GSE178360_RAW,.h5,40754721,38.9 MB,10x CellRanger HDF5 (v3 layout),10x FILTERED (cell-called) count matrix,GSE178360,DD047Q,33538 genes x 13330 barcodes,yes (integer values),no,no (looks like raw counts),"HUMAN (12/12 upper-case markers, 13 'MT-' genes)",,"{""hdf5_top_level_keys"": [""matrix""], ""n_genes"": 33538, ""n_barcodes"": 13330, ""data_dtype"": ""int32"", ""min_value"": 1.0, ""max_value_in_probe"": 20013.0, ""genome"": [""GRCh38""], ""feature_types"": {""Gene Expression"": 33538}, ""mouse_probe_hits"": [], ""human_probe_hits"": [""SFTPC"", ""KRT8"", ""TP63"", ""AGER"", ""SCGB1A1"", ""FOXJ1"", ""CD3D"", ""LYZ"", ""COL1A1"", ""PECAM1"", ""ACTB"", ""EPCAM""], ""n_mt_mouse_style"": 0, ""n_mt_human_style"": 13, ""n_duplicate_gene_symbols"": 24, ""gsm"": ""GSM5388412""}"
C:\Users\dream\Documents\GitHub\scRNA_seq\raw_data\GSE178360\GSE178360_RAW\GSM5388412_DD047Q_raw_feature_bc_matrix.h5,GSM5388412_DD047Q_raw_feature_bc_matrix.h5,GSE178360\GSE178360_RAW,.h5,86736653,82.7 MB,10x CellRanger HDF5 (v3 layout),10x RAW (unfiltered droplet) count matrix,GSE178360,DD047Q,33538 genes x 6794880 barcodes,yes (integer values),no,no (looks like raw counts),"HUMAN (12/12 upper-case markers, 13 'MT-' genes)",,"{""hdf5_top_level_keys"": [""matrix""], ""n_genes"": 33538, ""n_barcodes"": 6794880, ""data_dtype"": ""int32"", ""min_value"": 1.0, ""max_value_in_probe"": 20013.0, ""genome"": [""GRCh38""], ""feature_types"": {""Gene Expression"": 33538}, ""mouse_probe_hits"": [], ""human_probe_hits"": [""SFTPC"", ""KRT8"", ""TP63"", ""AGER"", ""SCGB1A1"", ""FOXJ1"", ""CD3D"", ""LYZ"", ""COL1A1"", ""PECAM1"", ""ACTB"", ""EPCAM""], ""n_mt_mouse_style"": 0, ""n_mt_human_style"": 13, ""n_duplicate_gene_symbols"": 24, ""gsm"": ""GSM5388412""}"
C:\Users\dream\Documents\GitHub\scRNA_seq\raw_data\GSE178360\GSE178360_RAW\GSM5388413_DD073R_raw_feature_bc_matrix.h5,GSM5388413_DD073R_raw_feature_bc_matrix.h5,GSE178360\GSE178360_RAW,.h5,76592770,73.0 MB,10x CellRanger HDF5 (v3 layout),10x RAW (unfiltered droplet) count matrix,GSE178360,DD073R,36601 genes x 6794880 barcodes,yes (integer values),no,no (looks like raw counts),"HUMAN (12/12 upper-case markers, 13 'MT-' genes)",,"{""hdf5_top_level_keys"": [""matrix""], ""n_genes"": 36601, ""n_barcodes"": 6794880, ""data_dtype"": ""int32"", ""min_value"": 1.0, ""max_value_in_probe"": 3466.0, ""genome"": [""GRCh38""], ""feature_types"": {""Gene Expression"": 36601}, ""mouse_probe_hits"": [], ""human_probe_hits"": [""SFTPC"", ""KRT8"", ""TP63"", ""AGER"", ""SCGB1A1"", ""FOXJ1"", ""CD3D"", ""LYZ"", ""COL1A1"", ""PECAM1"", ""ACTB"", ""EPCAM""], ""n_mt_mouse_style"": 0, ""n_mt_human_style"": 13, ""n_duplicate_gene_symbols"": 10, ""gsm"": ""GSM5388413""}"
C:\Users\dream\Documents\GitHub\scRNA_seq\raw_data\GSE178360\GSE178360_RAW\GSM5388413_DD073Rfiltered_feature_bc_matrix.h5,GSM5388413_DD073Rfiltered_feature_bc_matrix.h5,GSE178360\GSE178360_RAW,.h5,36616710,34.9 MB,10x CellRanger HDF5 (v3 layout),10x FILTERED (cell-called) count matrix,GSE178360,DD073R,36601 genes x 10949 barcodes,yes (integer values),no,no (looks like raw counts),"HUMAN (12/12 upper-case markers, 13 'MT-' genes)",,"{""hdf5_top_level_keys"": [""matrix""], ""n_genes"": 36601, ""n_barcodes"": 10949, ""data_dtype"": ""int32"", ""min_value"": 1.0, ""max_value_in_probe"": 3466.0, ""genome"": [""GRCh38""], ""feature_types"": {""Gene Expression"": 36601}, ""mouse_probe_hits"": [], ""human_probe_hits"": [""SFTPC"", ""KRT8"", ""TP63"", ""AGER"", ""SCGB1A1"", ""FOXJ1"", ""CD3D"", ""LYZ"", ""COL1A1"", ""PECAM1"", ""ACTB"", ""EPCAM""], ""n_mt_mouse_style"": 0, ""n_mt_human_style"": 13, ""n_duplicate_gene_symbols"": 10, ""gsm"": ""GSM5388413""}"
C:\Users\dream\Documents\GitHub\scRNA_seq\raw_data\GSE262927\Compressed\GSE262927_CellMetaData.csv.gz,GSE262927_CellMetaData.csv.gz,GSE262927\Compressed,.csv.gz,3200606,3.1 MB,delimited text (comma),metadata / annotation table,GSE262927,,123189 rows x 15 columns,no,yes,yes (derived annotation),,,"{""n_columns"": 15, ""columns_preview"": [""cellbarcode"", ""orig.ident"", ""nCount_RNA"", ""nFeature_RNA"", ""percent.mito"", ""phase"", ""tamoxifen_start_day"", ""sacrifice_day"", ""sex"", ""experimental_group"", ""trace_call"", ""lineage"", ""celltype"", ""subtype"", ""cb""], ""delimiter"": ""comma"", ""n_data_rows"": 123189, ""fraction_numeric_in_first_row"": 0.357}"
C:\Users\dream\Documents\GitHub\scRNA_seq\raw_data\GSE262927\Compressed\GSE262927_RAW.tar,GSE262927_RAW.tar,GSE262927\Compressed,.tar,816967680,779.1 MB,tar archive,GEO supplementary archive (already extracted),GSE262927,,33 members,see extracted members,no,unknown,,,"{""n_members"": 33, ""members"": [""GSM8181583_EEM-scRNA-113.h5"", ""GSM8181584_EEM-scRNA-116.h5"", ""GSM8181585_EEM-scRNA-117.h5"", ""GSM8181586_EEM-scRNA-118.h5"", ""GSM8181587_EEM-scRNA-124.h5"", ""GSM8181588_EEM-scRNA-125.h5"", ""GSM8181589_EEM-scRNA-126.h5"", ""GSM8181590_EEM-scRNA-127.h5"", ""GSM8181591_EEM-scRNA-158.h5"", ""GSM8181592_EEM-scRNA-162.h5"", ""GSM8181593_EEM-scRNA-166.h5"", ""GSM8181594_EEM-scRNA-167.h5"", ""GSM8181595_EEM-scRNA-170.h5"", ""GSM8181596_EEM-scRNA-172.h5"", ""GSM8181597_EEM-scRNA-179.h5"", ""GSM8181598_EEM-scRNA-180.h5"", ""GSM8181599_EEM-scRNA-181.h5"", ""GSM8181600_EEM-scRNA-182.h5"", ""GSM8181601_EEM-scRNA-236.h5"", ""GSM8181602_EEM-scRNA-237.h5"", ""GSM8181603_EEM-scRNA-238.h5"", ""GSM8181604_EEM-scRNA-239.h5"", ""GSM8181605_EEM-scRNA-249.h5"", ""GSM8181606_EEM-scRNA-250.h5"", ""GSM8181607_EEM-scRNA-251.h5"", ""GSM8181608_EEM-scRNA-288.h5"", ""GSM8181609_EEM-scRNA-289.h5"", ""GSM8181610_EEM-scRNA-290.h5"", ""GSM8181611_EEM-scRNA-291.h5"", ""GSM8181612_EEM-scRNA-292.h5"", ""GSM8181613_EEM-scRNA-310.h5"", ""GSM8181614_EEM-scRNA-311.h5"", ""GSM8181615_EEM-scRNA-312.h5""]}"
C:\Users\dream\Documents\GitHub\scRNA_seq\raw_data\GSE262927\GSE262927_CellMetaData.csv,GSE262927_CellMetaData.csv,GSE262927,.csv,16433533,15.7 MB,delimited text (comma),metadata / annotation table,GSE262927,,123189 rows x 15 columns,no,yes,yes (derived annotation),,,"{""n_columns"": 15, ""columns_preview"": [""cellbarcode"", ""orig.ident"", ""nCount_RNA"", ""nFeature_RNA"", ""percent.mito"", ""phase"", ""tamoxifen_start_day"", ""sacrifice_day"", ""sex"", ""experimental_group"", ""trace_call"", ""lineage"", ""celltype"", ""subtype"", ""cb""], ""delimiter"": ""comma"", ""n_data_rows"": 123189, ""fraction_numeric_in_first_row"": 0.357}"
C:\Users\dream\Documents\GitHub\scRNA_seq\raw_data\GSE262927\GSE262927_RAW\GSM8181583_EEM-scRNA-113.h5,GSM8181583_EEM-scRNA-113.h5,GSE262927\GSE262927_RAW,.h5,14224562,13.6 MB,10x CellRanger HDF5 (v3 layout),"10x count matrix, cell-called by barcode count",GSE262927,EEM-scRNA-113,55361 genes x 3956 barcodes,yes (integer values),no,no (looks like raw counts),"MOUSE (12/12 title-case markers, 37 'mt-' genes)",,"{""hdf5_top_level_keys"": [""matrix""], ""n_genes"": 55361, ""n_barcodes"": 3956, ""data_dtype"": ""float64"", ""min_value"": 0.0, ""max_value_in_probe"": 10033.0, ""genome"": [""unknown""], ""feature_types"": {""Gene Expression"": 55361}, ""mouse_probe_hits"": [""Sftpc"", ""Krt8"", ""Trp63"", ""Ager"", ""Scgb1a1"", ""Foxj1"", ""Cd3d"", ""Lyz2"", ""Col1a1"", ""Pecam1"", ""Actb"", ""Epcam""], ""human_probe_hits"": [], ""n_mt_mouse_style"": 37, ""n_mt_human_style"": 0, ""n_duplicate_gene_symbols"": 0, ""gsm"": ""GSM8181583""}"
C:\Users\dream\Documents\GitHub\scRNA_seq\raw_data\GSE262927\GSE262927_RAW\GSM8181584_EEM-scRNA-116.h5,GSM8181584_EEM-scRNA-116.h5,GSE262927\GSE262927_RAW,.h5,28439042,27.1 MB,10x CellRanger HDF5 (v3 layout),"10x count matrix, cell-called by barcode count",GSE262927,EEM-scRNA-116,55361 genes x 5686 barcodes,yes (integer values),no,no (looks like raw counts),"MOUSE (12/12 title-case markers, 37 'mt-' genes)",,"{""hdf5_top_level_keys"": [""matrix""], ""n_genes"": 55361, ""n_barcodes"": 5686, ""data_dtype"": ""float64"", ""min_value"": 0.0, ""max_value_in_probe"": 2240.0, ""genome"": [""unknown""], ""feature_types"": {""Gene Expression"": 55361}, ""mouse_probe_hits"": [""Sftpc"", ""Krt8"", ""Trp63"", ""Ager"", ""Scgb1a1"", ""Foxj1"", ""Cd3d"", ""Lyz2"", ""Col1a1"", ""Pecam1"", ""Actb"", ""Epcam""], ""human_probe_hits"": [], ""n_mt_mouse_style"": 37, ""n_mt_human_style"": 0, ""n_duplicate_gene_symbols"": 0, ""gsm"": ""GSM8181584""}"
C:\Users\dream\Documents\GitHub\scRNA_seq\raw_data\GSE262927\GSE262927_RAW\GSM8181585_EEM-scRNA-117.h5,GSM8181585_EEM-scRNA-117.h5,GSE262927\GSE262927_RAW,.h5,29460759,28.1 MB,10x CellRanger HDF5 (v3 layout),"10x count matrix, cell-called by barcode count",GSE262927,EEM-scRNA-117,55361 genes x 6172 barcodes,yes (integer values),no,no (looks like raw counts),"MOUSE (12/12 title-case markers, 37 'mt-' genes)",,"{""hdf5_top_level_keys"": [""matrix""], ""n_genes"": 55361, ""n_barcodes"": 6172, ""data_dtype"": ""float64"", ""min_value"": 0.0, ""max_value_in_probe"": 3751.0, ""genome"": [""unknown""], ""feature_types"": {""Gene Expression"": 55361}, ""mouse_probe_hits"": [""Sftpc"", ""Krt8"", ""Trp63"", ""Ager"", ""Scgb1a1"", ""Foxj1"", ""Cd3d"", ""Lyz2"", ""Col1a1"", ""Pecam1"", ""Actb"", ""Epcam""], ""human_probe_hits"": [], ""n_mt_mouse_style"": 37, ""n_mt_human_style"": 0, ""n_duplicate_gene_symbols"": 0, ""gsm"": ""GSM8181585""}"
C:\Users\dream\Documents\GitHub\scRNA_seq\raw_data\GSE262927\GSE262927_RAW\GSM8181586_EEM-scRNA-118.h5,GSM8181586_EEM-scRNA-118.h5,GSE262927\GSE262927_RAW,.h5,24228688,23.1 MB,10x CellRanger HDF5 (v3 layout),"10x count matrix, cell-called by barcode count",GSE262927,EEM-scRNA-118,55361 genes x 6317 barcodes,yes (integer values),no,no (looks like raw counts),"MOUSE (12/12 title-case markers, 37 'mt-' genes)",,"{""hdf5_top_level_keys"": [""matrix""], ""n_genes"": 55361, ""n_barcodes"": 6317, ""data_dtype"": ""float64"", ""min_value"": 0.0, ""max_value_in_probe"": 4006.0, ""genome"": [""unknown""], ""feature_types"": {""Gene Expression"": 55361}, ""mouse_probe_hits"": [""Sftpc"", ""Krt8"", ""Trp63"", ""Ager"", ""Scgb1a1"", ""Foxj1"", ""Cd3d"", ""Lyz2"", ""Col1a1"", ""Pecam1"", ""Actb"", ""Epcam""], ""human_probe_hits"": [], ""n_mt_mouse_style"": 37, ""n_mt_human_style"": 0, ""n_duplicate_gene_symbols"": 0, ""gsm"": ""GSM8181586""}"
C:\Users\dream\Documents\GitHub\scRNA_seq\raw_data\GSE262927\GSE262927_RAW\GSM8181587_EEM-scRNA-124.h5,GSM8181587_EEM-scRNA-124.h5,GSE262927\GSE262927_RAW,.h5,16928559,16.1 MB,10x CellRanger HDF5 (v3 layout),"10x count matrix, cell-called by barcode count",GSE262927,EEM-scRNA-124,55361 genes x 5572 barcodes,yes (integer values),no,no (looks like raw counts),"MOUSE (12/12 title-case markers, 37 'mt-' genes)",,"{""hdf5_top_level_keys"": [""matrix""], ""n_genes"": 55361, ""n_barcodes"": 5572, ""data_dtype"": ""float64"", ""min_value"": 0.0, ""max_value_in_probe"": 9206.0, ""genome"": [""unknown""], ""feature_types"": {""Gene Expression"": 55361}, ""mouse_probe_hits"": [""Sftpc"", ""Krt8"", ""Trp63"", ""Ager"", ""Scgb1a1"", ""Foxj1"", ""Cd3d"", ""Lyz2"", ""Col1a1"", ""Pecam1"", ""Actb"", ""Epcam""], ""human_probe_hits"": [], ""n_mt_mouse_style"": 37, ""n_mt_human_style"": 0, ""n_duplicate_gene_symbols"": 0, ""gsm"": ""GSM8181587""}"
C:\Users\dream\Documents\GitHub\scRNA_seq\raw_data\GSE262927\GSE262927_RAW\GSM8181588_EEM-scRNA-125.h5,GSM8181588_EEM-scRNA-125.h5,GSE262927\GSE262927_RAW,.h5,20609960,19.7 MB,10x CellRanger HDF5 (v3 layout),"10x count matrix, cell-called by barcode count",GSE262927,EEM-scRNA-125,55361 genes x 6114 barcodes,yes (integer values),no,no (looks like raw counts),"MOUSE (12/12 title-case markers, 37 'mt-' genes)",,"{""hdf5_top_level_keys"": [""matrix""], ""n_genes"": 55361, ""n_barcodes"": 6114, ""data_dtype"": ""float64"", ""min_value"": 0.0, ""max_value_in_probe"": 2748.0, ""genome"": [""unknown""], ""feature_types"": {""Gene Expression"": 55361}, ""mouse_probe_hits"": [""Sftpc"", ""Krt8"", ""Trp63"", ""Ager"", ""Scgb1a1"", ""Foxj1"", ""Cd3d"", ""Lyz2"", ""Col1a1"", ""Pecam1"", ""Actb"", ""Epcam""], ""human_probe_hits"": [], ""n_mt_mouse_style"": 37, ""n_mt_human_style"": 0, ""n_duplicate_gene_symbols"": 0, ""gsm"": ""GSM8181588""}"
C:\Users\dream\Documents\GitHub\scRNA_seq\raw_data\GSE262927\GSE262927_RAW\GSM8181589_EEM-scRNA-126.h5,GSM8181589_EEM-scRNA-126.h5,GSE262927\GSE262927_RAW,.h5,22024124,21.0 MB,10x CellRanger HDF5 (v3 layout),"10x count matrix, cell-called by barcode count",GSE262927,EEM-scRNA-126,55361 genes x 6046 barcodes,yes (integer values),no,no (looks like raw counts),"MOUSE (12/12 title-case markers, 37 'mt-' genes)",,"{""hdf5_top_level_keys"": [""matrix""], ""n_genes"": 55361, ""n_barcodes"": 6046, ""data_dtype"": ""float64"", ""min_value"": 0.0, ""max_value_in_probe"": 13375.0, ""genome"": [""unknown""], ""feature_types"": {""Gene Expression"": 55361}, ""mouse_probe_hits"": [""Sftpc"", ""Krt8"", ""Trp63"", ""Ager"", ""Scgb1a1"", ""Foxj1"", ""Cd3d"", ""Lyz2"", ""Col1a1"", ""Pecam1"", ""Actb"", ""Epcam""], ""human_probe_hits"": [], ""n_mt_mouse_style"": 37, ""n_mt_human_style"": 0, ""n_duplicate_gene_symbols"": 0, ""gsm"": ""GSM8181589""}"
C:\Users\dream\Documents\GitHub\scRNA_seq\raw_data\GSE262927\GSE262927_RAW\GSM8181590_EEM-scRNA-127.h5,GSM8181590_EEM-scRNA-127.h5,GSE262927\GSE262927_RAW,.h5,22912060,21.9 MB,10x CellRanger HDF5 (v3 layout),"10x count matrix, cell-called by barcode count",GSE262927,EEM-scRNA-127,55361 genes x 6374 barcodes,yes (integer values),no,no (looks like raw counts),"MOUSE (12/12 title-case markers, 37 'mt-' genes)",,"{""hdf5_top_level_keys"": [""matrix""], ""n_genes"": 55361, ""n_barcodes"": 6374, ""data_dtype"": ""float64"", ""min_value"": 0.0, ""max_value_in_probe"": 9679.0, ""genome"": [""unknown""], ""feature_types"": {""Gene Expression"": 55361}, ""mouse_probe_hits"": [""Sftpc"", ""Krt8"", ""Trp63"", ""Ager"", ""Scgb1a1"", ""Foxj1"", ""Cd3d"", ""Lyz2"", ""Col1a1"", ""Pecam1"", ""Actb"", ""Epcam""], ""human_probe_hits"": [], ""n_mt_mouse_style"": 37, ""n_mt_human_style"": 0, ""n_duplicate_gene_symbols"": 0, ""gsm"": ""GSM8181590""}"
C:\Users\dream\Documents\GitHub\scRNA_seq\raw_data\GSE262927\GSE262927_RAW\GSM8181591_EEM-scRNA-158.h5,GSM8181591_EEM-scRNA-158.h5,GSE262927\GSE262927_RAW,.h5,23497515,22.4 MB,10x CellRanger HDF5 (v3 layout),"10x count matrix, cell-called by barcode count",GSE262927,EEM-scRNA-158,55361 genes x 7693 barcodes,yes (integer values),no,no (looks like raw counts),"MOUSE (12/12 title-case markers, 37 'mt-' genes)",,"{""hdf5_top_level_keys"": [""matrix""], ""n_genes"": 55361, ""n_barcodes"": 7693, ""data_dtype"": ""float64"", ""min_value"": 0.0, ""max_value_in_probe"": 19991.0, ""genome"": [""unknown""], ""feature_types"": {""Gene Expression"": 55361}, ""mouse_probe_hits"": [""Sftpc"", ""Krt8"", ""Trp63"", ""Ager"", ""Scgb1a1"", ""Foxj1"", ""Cd3d"", ""Lyz2"", ""Col1a1"", ""Pecam1"", ""Actb"", ""Epcam""], ""human_probe_hits"": [], ""n_mt_mouse_style"": 37, ""n_mt_human_style"": 0, ""n_duplicate_gene_symbols"": 0, ""gsm"": ""GSM8181591""}"
C:\Users\dream\Documents\GitHub\scRNA_seq\raw_data\GSE262927\GSE262927_RAW\GSM8181592_EEM-scRNA-162.h5,GSM8181592_EEM-scRNA-162.h5,GSE262927\GSE262927_RAW,.h5,21118645,20.1 MB,10x CellRanger HDF5 (v3 layout),"10x count matrix, cell-called by barcode count",GSE262927,EEM-scRNA-162,55361 genes x 7129 barcodes,yes (integer values),no,no (looks like raw counts),"MOUSE (12/12 title-case markers, 37 'mt-' genes)",,"{""hdf5_top_level_keys"": [""matrix""], ""n_genes"": 55361, ""n_barcodes"": 7129, ""data_dtype"": ""float64"", ""min_value"": 0.0, ""max_value_in_probe"": 2175.0, ""genome"": [""unknown""], ""feature_types"": {""Gene Expression"": 55361}, ""mouse_probe_hits"": [""Sftpc"", ""Krt8"", ""Trp63"", ""Ager"", ""Scgb1a1"", ""Foxj1"", ""Cd3d"", ""Lyz2"", ""Col1a1"", ""Pecam1"", ""Actb"", ""Epcam""], ""human_probe_hits"": [], ""n_mt_mouse_style"": 37, ""n_mt_human_style"": 0, ""n_duplicate_gene_symbols"": 0, ""gsm"": ""GSM8181592""}"
C:\Users\dream\Documents\GitHub\scRNA_seq\raw_data\GSE262927\GSE262927_RAW\GSM8181593_EEM-scRNA-166.h5,GSM8181593_EEM-scRNA-166.h5,GSE262927\GSE262927_RAW,.h5,27676517,26.4 MB,10x CellRanger HDF5 (v3 layout),"10x count matrix, cell-called by barcode count",GSE262927,EEM-scRNA-166,55361 genes x 7227 barcodes,yes (integer values),no,no (looks like raw counts),"MOUSE (12/12 title-case markers, 37 'mt-' genes)",,"{""hdf5_top_level_keys"": [""matrix""], ""n_genes"": 55361, ""n_barcodes"": 7227, ""data_dtype"": ""float64"", ""min_value"": 0.0, ""max_value_in_probe"": 888.0, ""genome"": [""unknown""], ""feature_types"": {""Gene Expression"": 55361}, ""mouse_probe_hits"": [""Sftpc"", ""Krt8"", ""Trp63"", ""Ager"", ""Scgb1a1"", ""Foxj1"", ""Cd3d"", ""Lyz2"", ""Col1a1"", ""Pecam1"", ""Actb"", ""Epcam""], ""human_probe_hits"": [], ""n_mt_mouse_style"": 37, ""n_mt_human_style"": 0, ""n_duplicate_gene_symbols"": 0, ""gsm"": ""GSM8181593""}"
C:\Users\dream\Documents\GitHub\scRNA_seq\raw_data\GSE262927\GSE262927_RAW\GSM8181594_EEM-scRNA-167.h5,GSM8181594_EEM-scRNA-167.h5,GSE262927\GSE262927_RAW,.h5,28893525,27.6 MB,10x CellRanger HDF5 (v3 layout),"10x count matrix, cell-called by barcode count",GSE262927,EEM-scRNA-167,55361 genes x 7078 barcodes,yes (integer values),no,no (looks like raw counts),"MOUSE (12/12 title-case markers, 37 'mt-' genes)",,"{""hdf5_top_level_keys"": [""matrix""], ""n_genes"": 55361, ""n_barcodes"": 7078, ""data_dtype"": ""float64"", ""min_value"": 0.0, ""max_value_in_probe"": 4190.0, ""genome"": [""unknown""], ""feature_types"": {""Gene Expression"": 55361}, ""mouse_probe_hits"": [""Sftpc"", ""Krt8"", ""Trp63"", ""Ager"", ""Scgb1a1"", ""Foxj1"", ""Cd3d"", ""Lyz2"", ""Col1a1"", ""Pecam1"", ""Actb"", ""Epcam""], ""human_probe_hits"": [], ""n_mt_mouse_style"": 37, ""n_mt_human_style"": 0, ""n_duplicate_gene_symbols"": 0, ""gsm"": ""GSM8181594""}"
C:\Users\dream\Documents\GitHub\scRNA_seq\raw_data\GSE262927\GSE262927_RAW\GSM8181595_EEM-scRNA-170.h5,GSM8181595_EEM-scRNA-170.h5,GSE262927\GSE262927_RAW,.h5,27962859,26.7 MB,10x CellRanger HDF5 (v3 layout),"10x count matrix, cell-called by barcode count",GSE262927,EEM-scRNA-170,55361 genes x 5770 barcodes,yes (integer values),no,no (looks like raw counts),"MOUSE (12/12 title-case markers, 37 'mt-' genes)",,"{""hdf5_top_level_keys"": [""matrix""], ""n_genes"": 55361, ""n_barcodes"": 5770, ""data_dtype"": ""float64"", ""min_value"": 0.0, ""max_value_in_probe"": 2453.0, ""genome"": [""unknown""], ""feature_types"": {""Gene Expression"": 55361}, ""mouse_probe_hits"": [""Sftpc"", ""Krt8"", ""Trp63"", ""Ager"", ""Scgb1a1"", ""Foxj1"", ""Cd3d"", ""Lyz2"", ""Col1a1"", ""Pecam1"", ""Actb"", ""Epcam""], ""human_probe_hits"": [], ""n_mt_mouse_style"": 37, ""n_mt_human_style"": 0, ""n_duplicate_gene_symbols"": 0, ""gsm"": ""GSM8181595""}"
C:\Users\dream\Documents\GitHub\scRNA_seq\raw_data\GSE262927\GSE262927_RAW\GSM8181596_EEM-scRNA-172.h5,GSM8181596_EEM-scRNA-172.h5,GSE262927\GSE262927_RAW,.h5,28089833,26.8 MB,10x CellRanger HDF5 (v3 layout),"10x count matrix, cell-called by barcode count",GSE262927,EEM-scRNA-172,55361 genes x 6429 barcodes,yes (integer values),no,no (looks like raw counts),"MOUSE (12/12 title-case markers, 37 'mt-' genes)",,"{""hdf5_top_level_keys"": [""matrix""], ""n_genes"": 55361, ""n_barcodes"": 6429, ""data_dtype"": ""float64"", ""min_value"": 0.0, ""max_value_in_probe"": 3121.0, ""genome"": [""unknown""], ""feature_types"": {""Gene Expression"": 55361}, ""mouse_probe_hits"": [""Sftpc"", ""Krt8"", ""Trp63"", ""Ager"", ""Scgb1a1"", ""Foxj1"", ""Cd3d"", ""Lyz2"", ""Col1a1"", ""Pecam1"", ""Actb"", ""Epcam""], ""human_probe_hits"": [], ""n_mt_mouse_style"": 37, ""n_mt_human_style"": 0, ""n_duplicate_gene_symbols"": 0, ""gsm"": ""GSM8181596""}"
C:\Users\dream\Documents\GitHub\scRNA_seq\raw_data\GSE262927\GSE262927_RAW\GSM8181597_EEM-scRNA-179.h5,GSM8181597_EEM-scRNA-179.h5,GSE262927\GSE262927_RAW,.h5,29671744,28.3 MB,10x CellRanger HDF5 (v3 layout),"10x count matrix, cell-called by barcode count",GSE262927,EEM-scRNA-179,55361 genes x 7674 barcodes,yes (integer values),no,no (looks like raw counts),"MOUSE (12/12 title-case markers, 37 'mt-' genes)",,"{""hdf5_top_level_keys"": [""matrix""], ""n_genes"": 55361, ""n_barcodes"": 7674, ""data_dtype"": ""float64"", ""min_value"": 0.0, ""max_value_in_probe"": 40792.0, ""genome"": [""unknown""], ""feature_types"": {""Gene Expression"": 55361}, ""mouse_probe_hits"": [""Sftpc"", ""Krt8"", ""Trp63"", ""Ager"", ""Scgb1a1"", ""Foxj1"", ""Cd3d"", ""Lyz2"", ""Col1a1"", ""Pecam1"", ""Actb"", ""Epcam""], ""human_probe_hits"": [], ""n_mt_mouse_style"": 37, ""n_mt_human_style"": 0, ""n_duplicate_gene_symbols"": 0, ""gsm"": ""GSM8181597""}"
C:\Users\dream\Documents\GitHub\scRNA_seq\raw_data\GSE262927\GSE262927_RAW\GSM8181598_EEM-scRNA-180.h5,GSM8181598_EEM-scRNA-180.h5,GSE262927\GSE262927_RAW,.h5,27498569,26.2 MB,10x CellRanger HDF5 (v3 layout),"10x count matrix, cell-called by barcode count",GSE262927,EEM-scRNA-180,55361 genes x 7501 barcodes,yes (integer values),no,no (looks like raw counts),"MOUSE (12/12 title-case markers, 37 'mt-' genes)",,"{""hdf5_top_level_keys"": [""matrix""], ""n_genes"": 55361, ""n_barcodes"": 7501, ""data_dtype"": ""float64"", ""min_value"": 0.0, ""max_value_in_probe"": 1846.0, ""genome"": [""unknown""], ""feature_types"": {""Gene Expression"": 55361}, ""mouse_probe_hits"": [""Sftpc"", ""Krt8"", ""Trp63"", ""Ager"", ""Scgb1a1"", ""Foxj1"", ""Cd3d"", ""Lyz2"", ""Col1a1"", ""Pecam1"", ""Actb"", ""Epcam""], ""human_probe_hits"": [], ""n_mt_mouse_style"": 37, ""n_mt_human_style"": 0, ""n_duplicate_gene_symbols"": 0, ""gsm"": ""GSM8181598""}"
C:\Users\dream\Documents\GitHub\scRNA_seq\raw_data\GSE262927\GSE262927_RAW\GSM8181599_EEM-scRNA-181.h5,GSM8181599_EEM-scRNA-181.h5,GSE262927\GSE262927_RAW,.h5,31968562,30.5 MB,10x CellRanger HDF5 (v3 layout),"10x count matrix, cell-called by barcode count",GSE262927,EEM-scRNA-181,55361 genes x 8322 barcodes,yes (integer values),no,no (looks like raw counts),"MOUSE (12/12 title-case markers, 37 'mt-' genes)",,"{""hdf5_top_level_keys"": [""matrix""], ""n_genes"": 55361, ""n_barcodes"": 8322, ""data_dtype"": ""float64"", ""min_value"": 0.0, ""max_value_in_probe"": 2133.0, ""genome"": [""unknown""], ""feature_types"": {""Gene Expression"": 55361}, ""mouse_probe_hits"": [""Sftpc"", ""Krt8"", ""Trp63"", ""Ager"", ""Scgb1a1"", ""Foxj1"", ""Cd3d"", ""Lyz2"", ""Col1a1"", ""Pecam1"", ""Actb"", ""Epcam""], ""human_probe_hits"": [], ""n_mt_mouse_style"": 37, ""n_mt_human_style"": 0, ""n_duplicate_gene_symbols"": 0, ""gsm"": ""GSM8181599""}"
C:\Users\dream\Documents\GitHub\scRNA_seq\raw_data\GSE262927\GSE262927_RAW\GSM8181600_EEM-scRNA-182.h5,GSM8181600_EEM-scRNA-182.h5,GSE262927\GSE262927_RAW,.h5,32442045,30.9 MB,10x CellRanger HDF5 (v3 layout),"10x count matrix, cell-called by barcode count",GSE262927,EEM-scRNA-182,55361 genes x 7162 barcodes,yes (integer values),no,no (looks like raw counts),"MOUSE (12/12 title-case markers, 37 'mt-' genes)",,"{""hdf5_top_level_keys"": [""matrix""], ""n_genes"": 55361, ""n_barcodes"": 7162, ""data_dtype"": ""float64"", ""min_value"": 0.0, ""max_value_in_probe"": 3670.0, ""genome"": [""unknown""], ""feature_types"": {""Gene Expression"": 55361}, ""mouse_probe_hits"": [""Sftpc"", ""Krt8"", ""Trp63"", ""Ager"", ""Scgb1a1"", ""Foxj1"", ""Cd3d"", ""Lyz2"", ""Col1a1"", ""Pecam1"", ""Actb"", ""Epcam""], ""human_probe_hits"": [], ""n_mt_mouse_style"": 37, ""n_mt_human_style"": 0, ""n_duplicate_gene_symbols"": 0, ""gsm"": ""GSM8181600""}"
C:\Users\dream\Documents\GitHub\scRNA_seq\raw_data\GSE262927\GSE262927_RAW\GSM8181601_EEM-scRNA-236.h5,GSM8181601_EEM-scRNA-236.h5,GSE262927\GSE262927_RAW,.h5,19565673,18.7 MB,10x CellRanger HDF5 (v3 layout),"10x count matrix, cell-called by barcode count",GSE262927,EEM-scRNA-236,55361 genes x 5526 barcodes,yes (integer values),no,no (looks like raw counts),"MOUSE (12/12 title-case markers, 37 'mt-' genes)",,"{""hdf5_top_level_keys"": [""matrix""], ""n_genes"": 55361, ""n_barcodes"": 5526, ""data_dtype"": ""float64"", ""min_value"": 0.0, ""max_value_in_probe"": 3770.0, ""genome"": [""unknown""], ""feature_types"": {""Gene Expression"": 55361}, ""mouse_probe_hits"": [""Sftpc"", ""Krt8"", ""Trp63"", ""Ager"", ""Scgb1a1"", ""Foxj1"", ""Cd3d"", ""Lyz2"", ""Col1a1"", ""Pecam1"", ""Actb"", ""Epcam""], ""human_probe_hits"": [], ""n_mt_mouse_style"": 37, ""n_mt_human_style"": 0, ""n_duplicate_gene_symbols"": 0, ""gsm"": ""GSM8181601""}"
C:\Users\dream\Documents\GitHub\scRNA_seq\raw_data\GSE262927\GSE262927_RAW\GSM8181602_EEM-scRNA-237.h5,GSM8181602_EEM-scRNA-237.h5,GSE262927\GSE262927_RAW,.h5,29882410,28.5 MB,10x CellRanger HDF5 (v3 layout),"10x count matrix, cell-called by barcode count",GSE262927,EEM-scRNA-237,55361 genes x 7531 barcodes,yes (integer values),no,no (looks like raw counts),"MOUSE (12/12 title-case markers, 37 'mt-' genes)",,"{""hdf5_top_level_keys"": [""matrix""], ""n_genes"": 55361, ""n_barcodes"": 7531, ""data_dtype"": ""float64"", ""min_value"": 0.0, ""max_value_in_probe"": 12460.0, ""genome"": [""unknown""], ""feature_types"": {""Gene Expression"": 55361}, ""mouse_probe_hits"": [""Sftpc"", ""Krt8"", ""Trp63"", ""Ager"", ""Scgb1a1"", ""Foxj1"", ""Cd3d"", ""Lyz2"", ""Col1a1"", ""Pecam1"", ""Actb"", ""Epcam""], ""human_probe_hits"": [], ""n_mt_mouse_style"": 37, ""n_mt_human_style"": 0, ""n_duplicate_gene_symbols"": 0, ""gsm"": ""GSM8181602""}"
C:\Users\dream\Documents\GitHub\scRNA_seq\raw_data\GSE262927\GSE262927_RAW\GSM8181603_EEM-scRNA-238.h5,GSM8181603_EEM-scRNA-238.h5,GSE262927\GSE262927_RAW,.h5,23967041,22.9 MB,10x CellRanger HDF5 (v3 layout),"10x count matrix, cell-called by barcode count",GSE262927,EEM-scRNA-238,55361 genes x 7254 barcodes,yes (integer values),no,no (looks like raw counts),"MOUSE (12/12 title-case markers, 37 'mt-' genes)",,"{""hdf5_top_level_keys"": [""matrix""], ""n_genes"": 55361, ""n_barcodes"": 7254, ""data_dtype"": ""float64"", ""min_value"": 0.0, ""max_value_in_probe"": 4459.0, ""genome"": [""unknown""], ""feature_types"": {""Gene Expression"": 55361}, ""mouse_probe_hits"": [""Sftpc"", ""Krt8"", ""Trp63"", ""Ager"", ""Scgb1a1"", ""Foxj1"", ""Cd3d"", ""Lyz2"", ""Col1a1"", ""Pecam1"", ""Actb"", ""Epcam""], ""human_probe_hits"": [], ""n_mt_mouse_style"": 37, ""n_mt_human_style"": 0, ""n_duplicate_gene_symbols"": 0, ""gsm"": ""GSM8181603""}"
C:\Users\dream\Documents\GitHub\scRNA_seq\raw_data\GSE262927\GSE262927_RAW\GSM8181604_EEM-scRNA-239.h5,GSM8181604_EEM-scRNA-239.h5,GSE262927\GSE262927_RAW,.h5,34127842,32.5 MB,10x CellRanger HDF5 (v3 layout),"10x count matrix, cell-called by barcode count",GSE262927,EEM-scRNA-239,55361 genes x 8925 barcodes,yes (integer values),no,no (looks like raw counts),"MOUSE (12/12 title-case markers, 37 'mt-' genes)",,"{""hdf5_top_level_keys"": [""matrix""], ""n_genes"": 55361, ""n_barcodes"": 8925, ""data_dtype"": ""float64"", ""min_value"": 0.0, ""max_value_in_probe"": 3035.0, ""genome"": [""unknown""], ""feature_types"": {""Gene Expression"": 55361}, ""mouse_probe_hits"": [""Sftpc"", ""Krt8"", ""Trp63"", ""Ager"", ""Scgb1a1"", ""Foxj1"", ""Cd3d"", ""Lyz2"", ""Col1a1"", ""Pecam1"", ""Actb"", ""Epcam""], ""human_probe_hits"": [], ""n_mt_mouse_style"": 37, ""n_mt_human_style"": 0, ""n_duplicate_gene_symbols"": 0, ""gsm"": ""GSM8181604""}"
C:\Users\dream\Documents\GitHub\scRNA_seq\raw_data\GSE262927\GSE262927_RAW\GSM8181605_EEM-scRNA-249.h5,GSM8181605_EEM-scRNA-249.h5,GSE262927\GSE262927_RAW,.h5,26932855,25.7 MB,10x CellRanger HDF5 (v3 layout),"10x count matrix, cell-called by barcode count",GSE262927,EEM-scRNA-249,55361 genes x 7405 barcodes,yes (integer values),no,no (looks like raw counts),"MOUSE (12/12 title-case markers, 37 'mt-' genes)",,"{""hdf5_top_level_keys"": [""matrix""], ""n_genes"": 55361, ""n_barcodes"": 7405, ""data_dtype"": ""float64"", ""min_value"": 0.0, ""max_value_in_probe"": 4902.0, ""genome"": [""unknown""], ""feature_types"": {""Gene Expression"": 55361}, ""mouse_probe_hits"": [""Sftpc"", ""Krt8"", ""Trp63"", ""Ager"", ""Scgb1a1"", ""Foxj1"", ""Cd3d"", ""Lyz2"", ""Col1a1"", ""Pecam1"", ""Actb"", ""Epcam""], ""human_probe_hits"": [], ""n_mt_mouse_style"": 37, ""n_mt_human_style"": 0, ""n_duplicate_gene_symbols"": 0, ""gsm"": ""GSM8181605""}"
C:\Users\dream\Documents\GitHub\scRNA_seq\raw_data\GSE262927\GSE262927_RAW\GSM8181606_EEM-scRNA-250.h5,GSM8181606_EEM-scRNA-250.h5,GSE262927\GSE262927_RAW,.h5,34935727,33.3 MB,10x CellRanger HDF5 (v3 layout),"10x count matrix, cell-called by barcode count",GSE262927,EEM-scRNA-250,55361 genes x 10737 barcodes,yes (integer values),no,no (looks like raw counts),"MOUSE (12/12 title-case markers, 37 'mt-' genes)",,"{""hdf5_top_level_keys"": [""matrix""], ""n_genes"": 55361, ""n_barcodes"": 10737, ""data_dtype"": ""float64"", ""min_value"": 0.0, ""max_value_in_probe"": 7292.0, ""genome"": [""unknown""], ""feature_types"": {""Gene Expression"": 55361}, ""mouse_probe_hits"": [""Sftpc"", ""Krt8"", ""Trp63"", ""Ager"", ""Scgb1a1"", ""Foxj1"", ""Cd3d"", ""Lyz2"", ""Col1a1"", ""Pecam1"", ""Actb"", ""Epcam""], ""human_probe_hits"": [], ""n_mt_mouse_style"": 37, ""n_mt_human_style"": 0, ""n_duplicate_gene_symbols"": 0, ""gsm"": ""GSM8181606""}"
C:\Users\dream\Documents\GitHub\scRNA_seq\raw_data\GSE262927\GSE262927_RAW\GSM8181607_EEM-scRNA-251.h5,GSM8181607_EEM-scRNA-251.h5,GSE262927\GSE262927_RAW,.h5,25031145,23.9 MB,10x CellRanger HDF5 (v3 layout),"10x count matrix, cell-called by barcode count",GSE262927,EEM-scRNA-251,55361 genes x 7765 barcodes,yes (integer values),no,no (looks like raw counts),"MOUSE (12/12 title-case markers, 37 'mt-' genes)",,"{""hdf5_top_level_keys"": [""matrix""], ""n_genes"": 55361, ""n_barcodes"": 7765, ""data_dtype"": ""float64"", ""min_value"": 0.0, ""max_value_in_probe"": 2088.0, ""genome"": [""unknown""], ""feature_types"": {""Gene Expression"": 55361}, ""mouse_probe_hits"": [""Sftpc"", ""Krt8"", ""Trp63"", ""Ager"", ""Scgb1a1"", ""Foxj1"", ""Cd3d"", ""Lyz2"", ""Col1a1"", ""Pecam1"", ""Actb"", ""Epcam""], ""human_probe_hits"": [], ""n_mt_mouse_style"": 37, ""n_mt_human_style"": 0, ""n_duplicate_gene_symbols"": 0, ""gsm"": ""GSM8181607""}"
C:\Users\dream\Documents\GitHub\scRNA_seq\raw_data\GSE262927\GSE262927_RAW\GSM8181608_EEM-scRNA-288.h5,GSM8181608_EEM-scRNA-288.h5,GSE262927\GSE262927_RAW,.h5,18154747,17.3 MB,10x CellRanger HDF5 (v3 layout),"10x count matrix, cell-called by barcode count",GSE262927,EEM-scRNA-288,55361 genes x 3760 barcodes,yes (integer values),no,no (looks like raw counts),"MOUSE (12/12 title-case markers, 37 'mt-' genes)",,"{""hdf5_top_level_keys"": [""matrix""], ""n_genes"": 55361, ""n_barcodes"": 3760, ""data_dtype"": ""float64"", ""min_value"": 0.0, ""max_value_in_probe"": 4565.0, ""genome"": [""unknown""], ""feature_types"": {""Gene Expression"": 55361}, ""mouse_probe_hits"": [""Sftpc"", ""Krt8"", ""Trp63"", ""Ager"", ""Scgb1a1"", ""Foxj1"", ""Cd3d"", ""Lyz2"", ""Col1a1"", ""Pecam1"", ""Actb"", ""Epcam""], ""human_probe_hits"": [], ""n_mt_mouse_style"": 37, ""n_mt_human_style"": 0, ""n_duplicate_gene_symbols"": 0, ""gsm"": ""GSM8181608""}"
C:\Users\dream\Documents\GitHub\scRNA_seq\raw_data\GSE262927\GSE262927_RAW\GSM8181609_EEM-scRNA-289.h5,GSM8181609_EEM-scRNA-289.h5,GSE262927\GSE262927_RAW,.h5,20244122,19.3 MB,10x CellRanger HDF5 (v3 layout),"10x count matrix, cell-called by barcode count",GSE262927,EEM-scRNA-289,55361 genes x 5219 barcodes,yes (integer values),no,no (looks like raw counts),"MOUSE (12/12 title-case markers, 37 'mt-' genes)",,"{""hdf5_top_level_keys"": [""matrix""], ""n_genes"": 55361, ""n_barcodes"": 5219, ""data_dtype"": ""float64"", ""min_value"": 0.0, ""max_value_in_probe"": 3126.0, ""genome"": [""unknown""], ""feature_types"": {""Gene Expression"": 55361}, ""mouse_probe_hits"": [""Sftpc"", ""Krt8"", ""Trp63"", ""Ager"", ""Scgb1a1"", ""Foxj1"", ""Cd3d"", ""Lyz2"", ""Col1a1"", ""Pecam1"", ""Actb"", ""Epcam""], ""human_probe_hits"": [], ""n_mt_mouse_style"": 37, ""n_mt_human_style"": 0, ""n_duplicate_gene_symbols"": 0, ""gsm"": ""GSM8181609""}"
C:\Users\dream\Documents\GitHub\scRNA_seq\raw_data\GSE262927\GSE262927_RAW\GSM8181610_EEM-scRNA-290.h5,GSM8181610_EEM-scRNA-290.h5,GSE262927\GSE262927_RAW,.h5,21562882,20.6 MB,10x CellRanger HDF5 (v3 layout),"10x count matrix, cell-called by barcode count",GSE262927,EEM-scRNA-290,55361 genes x 4399 barcodes,yes (integer values),no,no (looks like raw counts),"MOUSE (12/12 title-case markers, 37 'mt-' genes)",,"{""hdf5_top_level_keys"": [""matrix""], ""n_genes"": 55361, ""n_barcodes"": 4399, ""data_dtype"": ""float64"", ""min_value"": 0.0, ""max_value_in_probe"": 2412.0, ""genome"": [""unknown""], ""feature_types"": {""Gene Expression"": 55361}, ""mouse_probe_hits"": [""Sftpc"", ""Krt8"", ""Trp63"", ""Ager"", ""Scgb1a1"", ""Foxj1"", ""Cd3d"", ""Lyz2"", ""Col1a1"", ""Pecam1"", ""Actb"", ""Epcam""], ""human_probe_hits"": [], ""n_mt_mouse_style"": 37, ""n_mt_human_style"": 0, ""n_duplicate_gene_symbols"": 0, ""gsm"": ""GSM8181610""}"
C:\Users\dream\Documents\GitHub\scRNA_seq\raw_data\GSE262927\GSE262927_RAW\GSM8181611_EEM-scRNA-291.h5,GSM8181611_EEM-scRNA-291.h5,GSE262927\GSE262927_RAW,.h5,22923031,21.9 MB,10x CellRanger HDF5 (v3 layout),"10x count matrix, cell-called by barcode count",GSE262927,EEM-scRNA-291,55361 genes x 5268 barcodes,yes (integer values),no,no (looks like raw counts),"MOUSE (12/12 title-case markers, 37 'mt-' genes)",,"{""hdf5_top_level_keys"": [""matrix""], ""n_genes"": 55361, ""n_barcodes"": 5268, ""data_dtype"": ""float64"", ""min_value"": 0.0, ""max_value_in_probe"": 17769.0, ""genome"": [""unknown""], ""feature_types"": {""Gene Expression"": 55361}, ""mouse_probe_hits"": [""Sftpc"", ""Krt8"", ""Trp63"", ""Ager"", ""Scgb1a1"", ""Foxj1"", ""Cd3d"", ""Lyz2"", ""Col1a1"", ""Pecam1"", ""Actb"", ""Epcam""], ""human_probe_hits"": [], ""n_mt_mouse_style"": 37, ""n_mt_human_style"": 0, ""n_duplicate_gene_symbols"": 0, ""gsm"": ""GSM8181611""}"
C:\Users\dream\Documents\GitHub\scRNA_seq\raw_data\GSE262927\GSE262927_RAW\GSM8181612_EEM-scRNA-292.h5,GSM8181612_EEM-scRNA-292.h5,GSE262927\GSE262927_RAW,.h5,19502294,18.6 MB,10x CellRanger HDF5 (v3 layout),"10x count matrix, cell-called by barcode count",GSE262927,EEM-scRNA-292,55361 genes x 3908 barcodes,yes (integer values),no,no (looks like raw counts),"MOUSE (12/12 title-case markers, 37 'mt-' genes)",,"{""hdf5_top_level_keys"": [""matrix""], ""n_genes"": 55361, ""n_barcodes"": 3908, ""data_dtype"": ""float64"", ""min_value"": 0.0, ""max_value_in_probe"": 30316.0, ""genome"": [""unknown""], ""feature_types"": {""Gene Expression"": 55361}, ""mouse_probe_hits"": [""Sftpc"", ""Krt8"", ""Trp63"", ""Ager"", ""Scgb1a1"", ""Foxj1"", ""Cd3d"", ""Lyz2"", ""Col1a1"", ""Pecam1"", ""Actb"", ""Epcam""], ""human_probe_hits"": [], ""n_mt_mouse_style"": 37, ""n_mt_human_style"": 0, ""n_duplicate_gene_symbols"": 0, ""gsm"": ""GSM8181612""}"
C:\Users\dream\Documents\GitHub\scRNA_seq\raw_data\GSE262927\GSE262927_RAW\GSM8181613_EEM-scRNA-310.h5,GSM8181613_EEM-scRNA-310.h5,GSE262927\GSE262927_RAW,.h5,22379416,21.3 MB,10x CellRanger HDF5 (v3 layout),"10x count matrix, cell-called by barcode count",GSE262927,EEM-scRNA-310,55361 genes x 6479 barcodes,yes (integer values),no,no (looks like raw counts),"MOUSE (12/12 title-case markers, 37 'mt-' genes)",,"{""hdf5_top_level_keys"": [""matrix""], ""n_genes"": 55361, ""n_barcodes"": 6479, ""data_dtype"": ""float64"", ""min_value"": 0.0, ""max_value_in_probe"": 30045.0, ""genome"": [""unknown""], ""feature_types"": {""Gene Expression"": 55361}, ""mouse_probe_hits"": [""Sftpc"", ""Krt8"", ""Trp63"", ""Ager"", ""Scgb1a1"", ""Foxj1"", ""Cd3d"", ""Lyz2"", ""Col1a1"", ""Pecam1"", ""Actb"", ""Epcam""], ""human_probe_hits"": [], ""n_mt_mouse_style"": 37, ""n_mt_human_style"": 0, ""n_duplicate_gene_symbols"": 0, ""gsm"": ""GSM8181613""}"
C:\Users\dream\Documents\GitHub\scRNA_seq\raw_data\GSE262927\GSE262927_RAW\GSM8181614_EEM-scRNA-311.h5,GSM8181614_EEM-scRNA-311.h5,GSE262927\GSE262927_RAW,.h5,21444205,20.5 MB,10x CellRanger HDF5 (v3 layout),"10x count matrix, cell-called by barcode count",GSE262927,EEM-scRNA-311,55361 genes x 5955 barcodes,yes (integer values),no,no (looks like raw counts),"MOUSE (12/12 title-case markers, 37 'mt-' genes)",,"{""hdf5_top_level_keys"": [""matrix""], ""n_genes"": 55361, ""n_barcodes"": 5955, ""data_dtype"": ""float64"", ""min_value"": 0.0, ""max_value_in_probe"": 7700.0, ""genome"": [""unknown""], ""feature_types"": {""Gene Expression"": 55361}, ""mouse_probe_hits"": [""Sftpc"", ""Krt8"", ""Trp63"", ""Ager"", ""Scgb1a1"", ""Foxj1"", ""Cd3d"", ""Lyz2"", ""Col1a1"", ""Pecam1"", ""Actb"", ""Epcam""], ""human_probe_hits"": [], ""n_mt_mouse_style"": 37, ""n_mt_human_style"": 0, ""n_duplicate_gene_symbols"": 0, ""gsm"": ""GSM8181614""}"
C:\Users\dream\Documents\GitHub\scRNA_seq\raw_data\GSE262927\GSE262927_RAW\GSM8181615_EEM-scRNA-312.h5,GSM8181615_EEM-scRNA-312.h5,GSE262927\GSE262927_RAW,.h5,18637756,17.8 MB,10x CellRanger HDF5 (v3 layout),"10x count matrix, cell-called by barcode count",GSE262927,EEM-scRNA-312,55361 genes x 4348 barcodes,yes (integer values),no,no (looks like raw counts),"MOUSE (12/12 title-case markers, 37 'mt-' genes)",,"{""hdf5_top_level_keys"": [""matrix""], ""n_genes"": 55361, ""n_barcodes"": 4348, ""data_dtype"": ""float64"", ""min_value"": 0.0, ""max_value_in_probe"": 4582.0, ""genome"": [""unknown""], ""feature_types"": {""Gene Expression"": 55361}, ""mouse_probe_hits"": [""Sftpc"", ""Krt8"", ""Trp63"", ""Ager"", ""Scgb1a1"", ""Foxj1"", ""Cd3d"", ""Lyz2"", ""Col1a1"", ""Pecam1"", ""Actb"", ""Epcam""], ""human_probe_hits"": [], ""n_mt_mouse_style"": 37, ""n_mt_human_style"": 0, ""n_duplicate_gene_symbols"": 0, ""gsm"": ""GSM8181615""}"
